SMILES;toxicant;SMR_VSA4;fr_pyridine;fr_lactam;EState_VSA6;EState_VSA7;fr_thiazole;PEOE_VSA9;fr_azo;fr_HOCCN;fr_Ndealkylation1;qed;fr_unbrch_alkane;PEOE_VSA8;fr_furan;fr_ArN;FpDensityMorgan2;fr_para_hydroxylation;EState_VSA3;MinAbsPartialCharge;GATS3se;ATSC8i;GATS4d;ATSC7c;GATS7d;ATSC4s;MATS3Z;MATS2i
CCCCC(CC)C(=O)O;1;5.917906046161393;0;0;0.0;6.923737199690624;0;5.917906046161393;0;0;0;0.6423719745530849;1;0.0;0;0;2.1;0;0.0;0.305976471817206;0.7288369219034182;6.184916143755678;1.0702284946236558;-0.0559830443703173;0.0;-13.822978303747536;0.0674802392651142;-0.1594732535624838
CC(C)(C)C(O)(CCc1ccc(Cl)cc1)Cn1cncn1;1;5.41499046939678;0;0;11.009123009909723;45.03667987291831;0;12.145807216896262;0;0;0;0.92141338710529;0;5.022633313741326;0;0;1.8571428571428568;0;12.965578028838586;0.1372546105684288;1.1476069643020996;-8.177418824803484;0.6816456117759375;-0.0775800503744671;0.7247974068071313;-13.753776082657009;-0.2261745789122759;0.1913634598402815
CCCCN(CCCC)SN(C)C(=O)Oc1cccc2c1OC(C)(C)C2;1;0.0;0;0;17.419255042435033;25.98020853630447;0;0.0;0;0;0;0.5441258405220312;2;44.25541889249662;0;0;1.8846153846153848;1;11.49902366656781;0.425701920281289;1.2424024749118836;-10.950438811397934;1.2295376749425886;0.0845409176032705;1.05767385044935;4.445959186798327;-0.0449051229378004;0.1672537156917405
Cc1cc(-c2ccc(N=Nc3c(S(=O)(=O)O)cc4cc(S(=O)(=O)O)cc(N)c4c3O)c(C)c2)ccc1N=Nc1c(S(=O)(=O)O)cc2cc(S(=O)(=O)O)cc(N)c2c1O;1;20.45700050251759;0;0;38.112942673227685;0.0;0;21.165739500402672;2;0;0;0.0426817193226967;0;22.14722097829672;0;2;0.8103448275862069;0;22.253805966787983;0.2964147777290074;0.8010402045413878;-17.970164026804092;1.0303056705891995;1.0896582474049898;1.392561672053725;-94.9732148619986;-0.1315920489104656;0.0364260152766375
CC(=O)C1(O)Cc2c(O)c3c(c(O)c2C(OC2CC(N)C(O)C(C)O2)C1)C(=O)c1ccccc1C3=O;1;5.733667477162185;0;0;19.056471336613843;0.0;0;29.4388021466389;0;0;0;0.3283465061048781;0;47.55811166471397;0;0;1.6944444444444444;0;0.0;0.1978961589605568;1.110498476726909;-27.042588155117368;1.013756295919782;-0.1307023907373675;1.157553682886045;-27.396967120181408;-0.0168789808917197;0.0256032242515209
Cc1ccc([N+](=O)[O-])cc1[N+](=O)[O-];1;0.0;0;0;0.0;0.0;0;15.912989166096953;0;0;0;0.5150434173626992;0;11.629818560158606;0;0;1.7692307692307692;0;5.563451491696996;0.258305976280152;0.7324197471497582;0.0;0.9092350746268656;-0.0437367156158982;0.0;-51.07817790089258;-0.0764428980761359;-0.076528309256043
CC1CC(C)C(=O)C(C(O)CC2CC(=O)NC(=O)C2)C1;1;23.671624184645573;0;0;0.0;6.923737199690624;0;6.103966387748303;0;0;0;0.7571556004572341;0;24.67745533817481;0;0;1.75;0;18.75954929201341;0.2263380554136591;0.9966136235326928;-18.3349677169324;1.1421343873517789;-0.4711923524179507;0.9729867674858224;24.38923442100834;-0.137240682137834;-0.0667121088819144
NC1CCCCC1;1;5.733667477162185;0;0;0.0;0.0;0;0.0;0;0;0;0.4860844589993981;0;6.041840829147961;0;0;1.5714285714285714;0;6.041840829147961;0.003877844068942;1.059256080836636;0.0;0.6647582697201017;0.0;0;-1.0277777777777786;-0.1479937467430953;-0.2285319849005795
CNC1C(OC2C(OC3C(O)C(O)C(N=C(N)N)C(O)C3N=C(N)N)OC(C)C2(O)C=O)OC(CO)C(O)C1O;1;32.91947937392008;0;0;0.0;0.0;0;18.75268918140918;0;0;1;0.0682447950849059;0;0.0;0;0;1.5;0;0.0;0.1877633440077838;1.0499809730072132;-9.804816766076474;1.107043593130779;-0.0637211730136936;1.2164817261118446;-15.40450693443003;-0.0108388702815711;0.0414798693839582
CC(=O)N1C=C(C2CCCCN2)CCC1;1;0.0;0;0;6.923737199690624;4.899909730850478;0;0.0;0;0;0;0.7104287198369739;0;25.710289324571608;0;0;2.333333333333333;0;6.041840829147961;0.2228848700671476;1.0946794211282622;-3.684157508086324;1.134176893471788;-0.0241513490483025;0.7341822000525068;-6.461133786848075;-0.0707288478141433;-0.0850917304880221
CCOC(N)=O;1;5.733667477162185;0;0;6.923737199690624;0.0;0;6.606881964512918;0;0;0;0.4950193943469448;0;0.0;0;0;2.5;0;6.606881964512918;0.4039758342451568;1.567107003480345;0.0;1.6011730205278598;0.0;0;-12.483892176199872;-0.1712838844206136;-0.0175134592859605
O=P1(N(CCCl)CCCl)NCCCO1;1;0.0;0;0;4.6704161899213;0.0;0;6.606881964512918;0;0;0;0.6057206690801091;0;31.394276107678404;0;0;2.0;0;31.456401666278747;0.3059663452603789;1.0361698509429726;3.420806808870964;1.580449826989619;0.0020327964639384;0.2187028657616892;-25.573369694738897;-0.1575046770411944;0.1394076631853197
Clc1ccc(Oc2c(Cl)cccc2Cl)cc1Cl;1;0.0;0;0;36.39820241076966;0.0;0;20.090533254965305;0;0;0;0.6517669968995582;0;6.06636706846161;0;0;1.3529411764705883;1;31.58955692153312;0.1640738818154131;1.16391945655455;2.0906250483136035;1.058159722222222;-0.0139359163657677;0.9497767857142853;-2.361667543993853;-0.022194479123318;-0.3256884455202282
CN(C)C(=O)Nc1ccc(Cl)c(Cl)c1;1;0.0;0;0;32.29444517073921;0.0;0;10.045266627482652;0;0;0;0.7936220369870916;0;19.782730240037942;0;0;1.9285714285714288;0;15.732652902166215;0.3208174549548312;1.0479641447096166;-2.783057212486008;0.6818474758324382;0.090473951558388;0.9532894736842104;-17.62764815820336;0.0225035161744022;0.4499285428292324
COCCOC(C)=O;1;0.0;0;0;7.109797541277533;0.0;0;6.606881964512918;0;0;0;0.3918906534324243;0;14.033534740968156;0;0;2.125;0;13.213763929025836;0.3022072988336636;1.5235445674556525;3.7583599452009775;1.0625;-0.0310323110215155;0.0;-4.917695473251028;-0.370448256779192;0.0113253926205016
NCCc1ccccc1;1;5.733667477162185;0;0;0.0;18.19910120538483;0;0.0;0;0;0;0.6245074471542003;0;0.0;0;0;1.7777777777777777;0;0.0;0.0036698097858793;0.8246521763967334;1.5787733412158358;1.1390887290167868;-0.0004620498487934;0.3037569944044764;2.1350000000000007;-0.061151342257333;-0.0274373862154037
O=C1CC(N2Cc3ccccc3C2=O)CC(=O)N1;0;0.0;0;0;10.966276799312087;18.19910120538483;0;0.0;0;0;0;0.7291815671189421;0;30.99169197260955;0;0;1.7222222222222223;0;12.10820789760957;0.2542789806716229;1.1052869797960034;-4.072901630495302;1.0386551368094996;0.0868264059867709;0.7832705843836966;9.978148148148149;-0.1878282527478477;-0.0275007495931408
CC(O)(P(=O)(O)O)P(=O)(O)O;1;0.0;0;0;0.0;0.0;0;0.0;0;0;0;0.3655829600006943;0;0.0;0;0;1.181818181818182;0;6.923737199690624;0.3677349932814842;1.1011989241261328;0.0;0.2850000000000001;0.0;0;-31.63528299939074;-0.3493251915522539;-0.0409267110288979
ClC1=CC2C3C4CC(C5OC45)C3C1C2(Cl)Cl;1;35.50743627696836;0;0;0.0;0.0;0;12.207932775496603;0;0;0;0.3762791084171186;0;16.868098444436384;0;0;1.875;0;35.879556960142175;0.1323247255598632;0.865780418426023;0.0;0.848611111111111;-0.0018919260960222;0.0;-1.1527396738302105;-0.054997625323848;-0.052958683814253
c1ccc2[nH]c(-c3cscn3)nc2c1;1;0.0;0;0;11.336785877934735;35.15607031792974;1;16.543940708849902;0;0;0;0.6572828314318541;0;5.380062770465915;0;0;2.142857142857143;2;0.0;0.1575398641444619;0.9766684644300868;-5.091384112861622;1.081081081081081;-0.0339060442108648;0.6306306306306306;-5.28611165545322;-0.0126864170569811;-0.2713670127005447
NC(N)=S;1;11.46733495432437;0;0;0.0;0.0;0;0.0;0;0;0;0.3708735272056179;0;0.0;0;0;1.5;0;0.0;0.1604962987996412;1.6984967675275735;0.0;0.0;0.0;0;3.030178326474622;-1.0721649484536082;-0.4921190398195307
CCN(CC)C(=O)N(C)N=O;1;5.2858847209627084;0;0;0.0;13.847474399381248;0;5.2858847209627084;0;0;0;0.4563986909415471;0;20.13718479450234;0;0;1.818181818181818;0;13.08951281182515;0.3236496984546536;0.8446804630923942;0.0;1.4838709677419355;0.0029725996436322;0.0;-12.046296296296305;0.1604810360777058;0.1144988095139737
O=[N+]([O-])c1ccc(Oc2cccc(Cl)c2Cl)cc1;1;0.0;0;0;18.19910120538483;0.0;0;9.945944362558995;0;0;0;0.6062690853537355;0;12.13273413692322;0;0;1.7222222222222223;0;21.544290294050462;0.2691959767270151;1.0152054109154065;-6.866987707840398;0.9545454545454546;-0.0855415650968778;0.9;-20.80819387288524;0.1693111816315101;-0.2602022789455699
Cc1ccc(N=Nc2ccc(N(C)C)cc2)cc1;1;10.228500251258795;0;0;0.0;62.626280513047256;0;11.374772549367124;1;0;0;0.7257720205006495;0;19.782730240037942;0;0;1.1666666666666667;0;0.0;0.0858108188913578;1.293725020410243;8.273936419360275;0.6657342657342656;-0.1067465602251079;0.7814258911819887;-4.942222222222221;-0.2139401471744748;0.0666797690765429
O=[N+]([O-])c1ccc(Oc2c(Cl)ccc(Cl)c2Cl)cc1;1;0.0;0;0;12.13273413692322;0.0;0;14.968577676300324;0;0;0;0.4353957300086538;0;12.13273413692322;0;0;1.5263157894736843;0;15.794778460766558;0.2691959768111412;0.9983138159343434;-7.766972287786016;0.9583158776707162;-0.1402002814189097;0.8064516129032256;-21.42927565919829;0.0881226053639846;-0.2549890394906635
CCCCCCCC(=O)O;0;0.0;0;0;0.0;0.0;0;0.0;0;0;0;0.5811557038471341;4;6.4208216229260096;0;0;1.8;0;6.4208216229260096;0.3028395565321736;0.7872541847742663;-0.8014592651562159;0.8597883597883599;0.0041342054571583;1.1054421768707483;-3.688362919132151;-0.0297212134159367;-0.2613341889787535
COc1ccc2c(c1OC)C(=O)OC2C1c2c(cc3c(c2OC)OCO3)CCN1C;1;0.0;0;0;20.28596215101668;19.18040611960041;0;27.37123345298056;0;0;1;0.7086818239336454;0;17.671659389306566;0;0;1.8666666666666667;0;34.31101065811652;0.3426866709200017;0.7463778173661867;7.3385940243327425;1.3298973305954822;0.0675079250907614;0.8455220344337387;14.177564178632176;0.0426088489417582;0.3752111558188831
CCN(CC)CCOc1ccc(C(O)(Cc2ccc(Cl)cc2)c2ccc(C)cc2)cc1;1;0.0;0;0;0.0;79.72014202122996;0;0.0;0;0;1;0.4316159748631439;0;17.988211342579913;0;0;1.3870967741935485;0;18.05033690118025;0.1188838024155514;1.3349187377221887;-28.62404109618681;0.9687500000000008;-0.1186812166973598;1.0898437500000009;1.075456206208541;-0.0704554375819778;0.0661257051649448
O=C1NCCCC1N1C(=O)c2ccccc2S1(=O)=O;0;0.0;0;0;12.13273413692322;0.0;0;5.563451491696996;0;0;0;0.7910901674027226;0;6.544756405912575;0;0;1.947368421052632;0;19.386399651764595;0.269267543607141;0.8407642930067818;-0.2143040822891307;1.308204177897574;-0.0379563859630529;0.5981989708404803;-7.5011888550592545;0.1436325100176516;0.0422815979456652
O=S(=O)(O)C(F)(F)C(F)(F)C(F)(F)C(F)(F)C(F)(F)C(F)(F)C(F)(F)C(F)(F)F;1;0.0;0;0;0.0;0.0;0;0.0;0;0;0;0.4024938076799213;0;0.0;0;0;0.6206896551724138;0;0.0;0.2807529995753137;0.9164763301405872;1.5620397282261034;0.9415584415584416;-0.0032293589071939;0.8852258852258853;3.943927754915392;0.0327841845140033;-0.2144256095500195
Cc1cn(C2C=CC(CO)O2)c(=O)[nH]c1=O;1;0.0;0;0;19.075777413358384;0.0;0;6.606881964512918;0;0;0;0.6498890462135971;0;11.760295063310071;0;0;2.25;0;5.563451491696996;0.3302251957056653;1.0509474122049838;-4.355924388376781;0.9806826706676672;0.245001101423793;1.0674418604651166;2.2951388888888857;-0.0664504039813826;0.1306268875973245
CON(C)C(=O)Nc1ccc(Cl)cc1;1;0.0;0;0;24.26546827384644;0.0;0;7.109797541277533;0;0;0;0.7683684755629444;0;17.75769157110208;0;0;2.0;0;10.710019588424888;0.3060636544714064;1.230995384720315;-3.681116980977418;0.9227871939736346;-0.0039557140947024;0.7062146892655368;-11.557669867398266;-0.2150136791763256;0.2003245274103193
CC(C)(C)N1CCN(C(c2ccccc2)c2ccc(Cl)cc2)CC1;1;0.0;0;0;0.0;12.13273413692322;0;6.041840829147961;0;0;0;0.7866484728000713;0;36.74058418977497;0;0;1.3333333333333333;0;6.041840829147961;0.0602202532278379;1.44675882065815;16.013247135066297;0.9775583276468828;0.0564039886742036;1.0674184969959617;2.8121999112695155;-0.1771624981511089;0.0379407336383545
CCCC(Cn1cncn1)c1ccc(Cl)cc1Cl;1;0.0;0;0;18.72100721799069;16.814537072068404;0;0.0;0;0;0;0.8246419887351353;0;22.50792907955662;0;0;2.1666666666666665;0;10.94053935990272;0.1372529209514968;0.8702318948254446;3.114300859690939;1.11864406779661;-0.010133566374039;0.7297001303780964;-1.387558959648162;-0.0069489215801195;0.1429999682154964
CC(CS)C(=O)N1CCCC1C(=O)O;1;5.917906046161393;0;0;6.923737199690624;0.0;0;0.0;0;0;0;0.6816110954453929;0;18.21551605882076;0;0;2.2857142857142856;0;18.71843163558537;0.3259145860914331;0.8188665630526569;5.168869268421954;1.235154929577465;0.0599363918402324;0.1263111111111111;-48.28356672341027;0.0234938871704227;-0.1272762358589046
Cc1ccc(C(C)(C)C)cc1;1;0.0;0;0;0.0;0.0;0;0.0;0;0;0;0.5293048449815113;0;0.0;0;0;1.3636363636363635;0;0.0;0.0131850886352922;1.4957386363636365;24.499867974160463;0.553811659192825;-0.0226773562049595;0.0;-1.093621399176955;-0.4119318181818183;0.2400568181818167
CN(C)c1ccc(N=Nc2cccc(C(F)(F)F)c2)cc1;1;10.228500251258795;0;0;12.13273413692322;31.12798783312808;0;16.93822404106412;1;0;0;0.7158639893625085;0;19.782730240037942;0;0;1.4761904761904765;0;5.687386274683562;0.3776593998569664;0.6533536795774754;-34.1731728016039;0.7671813832100914;-0.142995036659937;0.9721087641498426;-35.35063492063492;-0.087099465565124;0.2901299039398299
COCCOCCOCCO;1;0.0;0;0;7.109797541277533;0.0;0;39.64129178707751;0;0;0;0.4984364040852868;0;7.109797541277533;0;0;1.4545454545454546;0;33.03440982256459;0.0701143907247403;1.0354669424610308;3.341149959897043;1.0592592592592596;-0.0366983145664937;1.0111111111111115;5.27777777777778;-0.1021205357142856;-0.0443312573727949
Nc1nc2[nH]cnc2c(=O)[nH]1;1;0.0;0;0;0.0;0.0;0;6.3273200747645415;0;0;0;0.4597512677791771;0;0.0;0;1;2.363636363636364;0;5.647177220767728;0.2799763185807996;1.24205942264062;0.0;1.437125748502994;0.0331846025806671;0.0;18.17274305555556;-0.1930926216640502;0.227817091800013
O=[N+]([O-])c1ccc(Oc2ccc(Cl)c(Cl)c2)cc1;1;0.0;0;0;18.19910120538483;0.0;0;14.968577676300324;0;0;0;0.6062690853537354;0;18.19910120538483;0;0;1.5555555555555556;0;21.544290294050462;0.2691959766431894;1.147658457210751;-5.471024200313239;0.8863636363636365;0.0065092483052202;1.125;-21.669663161103493;0.038641030427478;-0.2602022789455699
Clc1ccc(C(c2ccccc2)N2CCNCC2)cc1;1;0.0;0;0;0.0;12.13273413692322;0;6.041840829147961;0;0;0;0.9309583244785398;0;31.201658937391628;0;0;1.45;0;6.041840829147961;0.0602199624268151;1.0484073697261629;6.983789105650514;1.3680000000000008;0.0163850443253503;0.7233571428571433;2.60334539632665;-0.0597242457105091;0.0260476542690017
O=[N+]([O-])c1ccc(Oc2cc(Cl)cc(Cl)c2Cl)cc1;1;0.0;0;0;0.0;0.0;0;9.945944362558995;0;0;0;0.4353957300086538;0;23.221734519126155;0;0;1.6842105263157894;0;10.772145147025231;0.2691959767271679;1.1225204349071427;-7.163066086418097;0.9111855886049433;-0.0639130102615406;0.9447004608294928;-20.337652431031856;-0.0191570881226053;-0.2549890394906635
CN1CCN(c2cc3c(cc2F)c(=O)c(C(=O)O)cn3-c2ccc(F)cc2)CC1;1;0.0;1;0;6.06636706846161;11.947581713527669;0;11.204086992299825;0;0;1;0.7337853615542815;0;43.44947968441173;0;0;1.6896551724137931;0;29.98098607880853;0.3407372006428099;0.857020646134223;-36.26628277323029;0.8695539105963648;0.0806759123069005;1.182529137725155;28.64930555555557;-0.0632124977381023;-0.0207990094297946
Cc1nc(N)nc(N)c1-c1ccc(Cl)c(Cl)c1;1;0.0;0;0;12.13273413692322;12.990104268152232;0;15.739194622331112;0;0;0;0.8338455327068534;0;5.563451491696996;0;2;1.7647058823529411;0;21.557057400166144;0.2217167447883972;1.135768175204732;-2.168746553947245;1.5084905660377357;0.0117315124941975;0.8609433962264149;14.30953388993322;0.0117626404494382;0.2577845030213622
S=C1NCCN1;1;0.0;0;0;0.0;0.0;0;0.0;0;0;0;0.4017833847896623;0;13.08951281182515;0;0;1.8333333333333333;0;0.0;0.1659177631894078;1.0460302188788346;0.0;0.0;0.0;0;1.0492684042066749;-0.0711111111111111;-0.231569559647479
CCN(CCO)S(=O)(=O)C(F)(F)C(F)(F)C(F)(F)C(F)(F)C(F)(F)C(F)(F)C(F)(F)C(F)(F)F;1;0.0;0;0;0.0;0.0;0;6.606881964512918;0;0;1;0.3694946504771986;0;13.08951281182515;0;0;0.8823529411764706;0;6.923737199690624;0.3950037250273692;0.5920165168665937;-33.585347817441075;1.0892549853224014;0.017318422180624;0.996488764044944;299.75602789787604;0.274419728039031;-0.1187290965056738
N#Cc1c(Cl)c(Cl)c(Cl)c(C#N)c1Cl;1;0.0;0;0;12.138442625584547;0.0;0;31.21743623835929;0;0;0;0.5249703621195863;0;0.0;0;0;1.0;0;0.0;0.1023786788740038;1.2535619402386604;0.0;0.975;0.0;0;-19.059178541100945;-0.1330034129692832;-0.0360981119181674
CC1CC2C3CC(F)C4=CC(=O)C=CC4(C)C3(F)C(O)CC2(C)C1C(=O)CO;1;34.501605123439134;0;0;6.923737199690624;13.847474399381248;0;6.103966387748303;0;0;0;0.7553196363126067;0;17.250802561719567;0;0;1.9642857142857144;0;6.4208216229260096;0.1779471672432332;0.8304533757061907;11.416378082724464;1.282613189993798;0.116424230978438;0.7855659724406974;-47.83018663194444;-0.0456757448988303;0.0363975894943091
CCCCC(CCC)C(=O)O;1;5.917906046161393;0;0;0.0;6.923737199690624;0;5.917906046161393;0;0;0;0.6448978740640339;1;0.0;0;0;1.9090909090909087;0;0.0;0.3059869593262023;0.7107917326568701;0.8553640496499135;1.2722287504896204;-0.0339947192846891;0.211018711018711;-15.53676179151804;0.0625547371897029;-0.1691192974266536
CCCCC(CC)COC(=O)COc1ccc(Cl)cc1Cl;1;5.917906046161393;0;0;18.19910120538483;0.0;0;11.629515278254244;0;0;0;0.5876459192683658;1;5.022633313741326;0;0;2.0476190476190474;0;28.31956647144087;0.3436674209988433;0.8459210820056023;15.51988732273704;0.8487226525343116;-0.2009916251766291;0.7160395931313572;-5.327984313950477;0.0726838552140189;-0.1021758013264143
Nc1cc(S(=O)(=O)O)cc2cc(S(=O)(=O)O)c(N=Nc3ccc(-c4ccc(N=Nc5c(S(=O)(=O)O)cc6cc(S(=O)(=O)O)cc(N)c6c5O)cc4)cc3)c(O)c12;1;20.45700050251759;0;0;24.26546827384644;0.0;0;21.165739500402672;2;0;0;0.0465853122784058;0;22.14722097829672;0;2;0.75;0;11.126902983393991;0.2964147777227048;0.8238494760463122;37.20733770543808;1.0510401548137398;1.0371032531639433;1.372356259894902;-106.41140432098764;-0.1287936094077758;-0.014816799082012
CC=CC(=O)Oc1c([N+](=O)[O-])cc(C(CCC)CCCC)cc1[N+](=O)[O-];1;0.0;0;0;6.923737199690624;13.847474399381248;0;9.846622097635342;0;0;0;0.1884756339951323;1;18.208754243757102;0;0;1.6923076923076923;0;5.563451491696996;0.3358056118047912;0.5811761741345278;3.1944871068681806;1.1060393258426968;0.0884272592901543;1.2529769174401564;30.18706666666668;0.2459697932134412;-0.1185257231986869
N#CC(Cl)Cl;1;0.0;0;0;6.069221312792274;0.0;0;6.069221312792274;0;0;0;0.4309890888185517;0;0.0;0;0;1.8;0;0.0;0.1928553122614369;0.5589724616419883;0.0;0;0.0;0;0.0;-0.1495327102803738;-0.4214387391865541
NNC(N)=S;1;11.576337747428424;0;0;0.0;5.425791397110385;0;0.0;0;0;0;0.196716593714884;0;0.0;0;0;2.0;0;0.0;0.1774536569161026;0.8476990522185844;0.0;0.0;0.0;0;-4.927325102880658;-0.4038701622971285;-0.4099334561682476
OCCOCCO;1;0.0;0;0;0.0;0.0;0;26.427527858051672;0;0;0;0.4512483454757534;0;0.0;0;0;1.4285714285714286;0;13.213763929025836;0.0698377090131452;0.9299578436837418;0.2988713067474062;1.295238095238095;-0.1161537716718916;0.0;2.6159169550173025;-0.0025946518400847;-0.2614151921204128
CCCCCCCCCCCCCN1CC(C)OC(C)C1;1;0.0;0;0;0.0;0.0;0;12.207932775496603;0;0;0;0.4467399373194729;10;13.08951281182515;0;0;1.1428571428571428;0;12.207932775496603;0.0677694780338327;1.7070165166237616;-0.6941392626742163;1.3136132315521631;0.0005471661642585;0.8728327119947928;1.4328703703703685;-0.0799681718718917;-0.1517245438244556
CC#CC1(O)CCC2C3CCC4=CC(=O)CCC4=C3C(c3ccc(N(C)C)cc3)CC21C;1;17.250802561719567;0;0;5.573104530069267;12.999757306524504;0;0.0;0;0;0;0.6395257442251707;0;37.53644837852213;0;0;1.84375;0;18.2566337152488;0.1558041091928166;1.0060152597889735;-32.92201685644295;1.111266268293918;-0.0273817455673282;0.8502731041578405;-25.50045172149205;-0.0856857938695819;0.1836928335683337
NS(=O)(=O)c1cc(Cl)c(Cl)c(S(N)(=O)=O)c1;1;10.277947475215884;0;0;0.0;0.0;0;14.940750103000427;0;0;0;0.8152117113429302;0;0.0;0;0;1.4375;0;0.0;0.2246269965408278;1.3101603404754605;3.245765180509609;0.9598880597014928;-0.3546554746036711;0.0;-65.18964248105192;-0.0939531368102796;0.1618394303109229
C=CC=O;1;0.0;0;0;0.0;0.0;0;0.0;0;0;0;0.3131312644427995;0;0.0;0;0;2.0;0;6.286160523129555;0.1417458219422101;0.9742392727832986;0.0;0.0;0.0;0;-8.75;0.0314960629921259;-0.3473479897542895
CCCN(CCC)c1c([N+](=O)[O-])cc(C(F)(F)F)cc1[N+](=O)[O-];1;0.0;0;0;13.847474399381248;0.0;0;15.410073589332338;0;0;0;0.5514127435955851;0;25.22224694874837;0;0;1.391304347826087;0;24.97437738277524;0.3603649404227578;0.5572112190569944;-20.7638855689132;1.2453014465209586;0.0697834590300518;0.9009690766550522;-60.28279092702169;0.2781419207751496;0.205587160593734
S=c1nc[nH]c2nc[nH]c12;1;0.0;0;0;6.3273200747645415;0.0;0;12.654640149529085;0;0;0;0.5538546640663036;0;0.0;0;0;2.0;0;4.640589267438692;0.1592937989362195;0.808323096990678;0.0;0.983024691358025;0.0;0;-1.8322485372749924;0.1153664302600472;0.1441671211859109
CCC1CCNC(C(=O)NC(C(C)Cl)C2OC(SC)C(O)C(O)C2O)C1;1;5.917906046161393;0;0;13.179506383202028;0.0;0;17.460769526501647;0;0;0;0.3932117224713966;0;0.0;0;0;2.0384615384615383;0;5.917906046161393;0.2370042333940698;0.9143212096360892;-8.08501542714246;1.12366059162927;-0.1775303198577594;0.9634410566983396;-9.822598551773211;0.0060334187103055;-0.1840122393520657
O=c1[nH]c(=O)n(C2CC(O)C(CO)O2)cc1Br;1;0.0;0;0;0.0;0.0;0;17.183567868093633;0;0;0;0.6458903815058056;0;12.617665194539086;0;0;2.294117647058824;0;0.0;0.3300117317108339;1.0483604710845649;-3.967494746055825;0.898647356196202;-0.0486543576420571;0.947863337164351;23.62581151930937;0.0267020335985853;0.0716004614407137
N=c1ccn2c(n1)OC1C(O)C(CO)OC12;1;0.0;0;0;10.763943219404432;0.0;0;6.606881964512918;0;0;0;0.5326902884382276;0;6.196843571613076;0;0;2.375;0;0.0;0.3005465906739344;1.0476144993366725;-1.87521410523274;1.0164092664092663;0.1992915673990893;0.7779922779922779;1.4107986587410448;-0.0112560519042672;0.0657906121128818
C=C(C)C(=O)OCC;1;0.0;0;0;13.847474399381248;0.0;0;6.606881964512918;0;0;0;0.3970055975202387;0;5.573104530069267;0;0;2.25;0;12.179986494582185;0.3325927183895292;1.2567147615363314;0.0;1.2199074074074074;0.0153692006264281;0.0;-30.85185185185185;-0.0057075045207956;0.0172656949795506
CCCCNC(=O)n1c(NC(=O)OC)nc2ccccc21;1;0.0;0;0;12.13273413692322;19.056471336613843;0;18.143198976510057;0;0;0;0.847401444528972;1;6.544756405912575;0;0;2.095238095238096;2;17.5781578411451;0.4132068296416625;0.921891039482908;-2.8700317750943656;1.1599326599326605;-0.0377592183338614;1.4345095693779908;4.519778654394031;0.1715333910600869;0.2086493330925302
COC(=O)Nc1nc2ccc([S+]([O-])c3ccccc3)cc2[nH]1;1;0.0;0;0;18.19910120538483;30.33183534230805;0;18.143198976510057;0;0;0;0.7271400363401855;0;17.2422215418469;0;0;2.0;0;15.928884910750298;0.4131899634209943;0.9785305635654769;-15.31380175122705;1.0764726480429536;0.0471237673093142;1.1101822235145873;-18.37609296464611;-0.1819858476362541;0.2448404084145667
O=[N+]([O-])c1ccc(Oc2c(Cl)cc(Cl)cc2Cl)cc1;0;0.0;0;0;0.0;0.0;0;14.968577676300324;0;0;0;0.5661283620978897;0;17.155367450664546;0;0;1.5263157894736843;0;10.772145147025231;0.269195976810983;1.101585420974816;-7.022665986543057;0.9426057813154588;-0.1244292023313721;0.8755760368663594;-22.913086053955187;-0.1570881226053639;-0.2549890394906635
CN(N=O)C(=N)N[N+](=O)[O-];1;5.2858847209627084;0;0;0.0;0.0;0;5.2858847209627084;0;0;0;0.1764395171974276;0;7.04767198267719;0;0;2.4;0;5.008912523954532;0.26296452212894;1.124530387688943;0.0;0.7191780821917808;0.0;0;-5.919382716049386;-0.3213547052740434;0.0779383449772277
Cc1ccc(S(=O)(=O)NC(=O)NC2CCCCC2)cc1;0;0.0;0;0;12.13273413692322;6.923737199690624;0;4.895483475517775;0;0;0;0.8984836123462404;0;6.041840829147961;0;0;1.7;0;0.0;0.3284098908522008;0.8518599556260742;-6.418321885177708;0.8472803347280337;-0.118610837992221;1.2044231918708908;64.3530658436214;0.0378318698569876;0.0281471881362229
CCCCCc1nc(N)nc(N)c1-c1ccc(Cl)cc1;1;0.0;0;0;0.0;24.26546827384644;0;5.693927994848461;0;0;0;0.8232229405889725;2;10.586084805438322;0;2;1.75;0;10.840496091576355;0.22172696406788;0.9962473191588334;-12.727059065018189;1.4161684003603894;0.1005541953251468;1.1000593824228024;14.900574099476708;0.0378275401069518;0.0966679818374507
C[Si]1(C)O[Si](c2ccccc2)O[Si](C)(C)O[Si](C)(C)O1;1;0.0;0;0;0.0;18.19910120538483;0;0.0;0;0;0;0.734505573620057;0;0.0;0;0;1.15;0;0.0;0.4041918830963749;2.773006640393786;40.07505204400052;1.8198572261072263;-0.0268434322610388;0.6292345626072042;50.012800816938906;-0.011803320220319;0.0148006812102132
CCCCC(CCCC)C(=O)O;1;5.917906046161393;0;0;0.0;0.0;0;5.917906046161393;0;0;0;0.6404365706274178;2;0.0;0;0;1.5833333333333333;0;0.0;0.3059871397933203;0.6975059807458569;2.559307241432072;1.1694665487768936;-0.1084352428147404;0.3167305236270753;-14.309244791666666;0.0581818181818181;-0.1769089894490644
CNCCCN1c2ccccc2CCc2ccccc21;1;0.0;0;0;0.0;7.04767198267719;0;0.0;0;0;0;0.8516371541172786;0;17.9195289552797;0;0;1.45;2;0.0;0.0442961117828775;1.191975249193432;4.995869917978981;1.4235762400489895;0.0455477360931366;0.8690845070422535;-3.803602922650543;0.0775992990654205;0.0282611014378223
CC1CC2C3CCC4=CC(=O)C=CC4(C)C3(F)C(=O)CC2(C)C1(O)C(=O)CCl;1;28.583699077277743;0;0;26.847231705905752;0.0;0;5.880003444970339;0;0;0;0.7110722108100263;0;23.16870860788096;0;0;2.0;0;24.83556939884729;0.1837615982272996;0.8366860531873753;-0.3577256289282933;1.1580888485275314;0.1071490108377135;0.9195461200585652;-83.45446186249586;0.0118397448674506;0.0370105545176726
COc1cccc2c1C(=O)c1c(O)c3c(c(O)c1C2=O)CC(O)(C(=O)COC(=O)CCN)CC3OC1OC(C)C(O)C(O)C1F;1;5.733667477162185;0;0;0.0;0.0;0;42.42890641479113;0;0;0;0.1403228155390701;0;36.07675412685558;0;0;1.7777777777777777;0;0.0;0.307005874150283;1.0201111111582548;-22.60495265309912;1.065772532188841;0.022449808619967;1.1977530926533702;-22.2543981091059;0.0327425611965237;0.0498366017306386
Cc1nc(N(C)C)nc(OC(=O)N(C)C)c1C;1;0.0;0;0;18.99525369620486;27.94281836473563;0;0.0;0;0;0;0.7749930695325801;0;39.448067417254215;0;0;1.7058823529411764;0;11.828327617421866;0.3906512038129714;1.0600964300137945;33.045127707372515;0.8645637827692677;0.1285585461680655;1.003206823591642;-30.548140589569147;-0.0622017125819584;0.60924874068871
CNC(=O)ON=C(C)SC;0;5.15571272675054;0;0;6.923737199690624;6.255769183511404;0;0.0;0;0;0;0.2710824592993057;0;7.04767198267719;0;0;2.3;0;5.043716986591482;0.3226578025910593;1.1855610990374403;-1.5050175650999955;0.9499999999999998;-0.0600066815474113;0.3238636363636363;-25.49721793552812;-0.1989512803543247;-0.0340100368898748
CC1CC2C3CC(F)C4=CC(=O)C=CC4(C)C3(F)C(O)CC2(C)C1(O)C(=O)SCF;1;28.583699077277743;0;0;13.847474399381248;0.0;0;6.103966387748303;0;0;0;0.6823854735858573;0;16.747886984954953;0;0;1.9666666666666663;0;11.761884949391115;0.2233468289734373;0.7769879293715848;-8.62882914753595;1.2105569815599266;0.0878672897682766;0.7440117497138169;-75.2686030121751;0.0154055184144679;0.0310456540454235
CCOCC;1;0.0;0;0;0.0;13.847474399381248;0;0.0;0;0;0;0.4752681489358651;0;13.213763929025836;0;0;1.6;0;0.0;0.0437084125246928;1.933723591517544;0.0;1.1666666666666663;0.0;0;-0.2833333333333332;-0.1235059760956176;-0.1957657115512255
CC(C[Si](C)(C)O[Si](C)(C)C)c1ccccc1;1;0.0;0;0;0.0;0.0;0;0.0;0;0;0;0.692507657382567;0;0.0;0;0;1.5294117647058822;0;5.917906046161393;0.173536689794874;2.807403056242199;5.587911752830541;1.5390363815142571;-0.0225532524799688;0.8743258719416969;13.7915851007259;-0.1800393926662781;-0.20158717536742
CC(C)(C)C(O)C(Oc1ccc(-c2ccccc2)cc1)n1cncn1;1;5.41499046939678;0;0;11.009123009909723;63.23578107830314;0;0.0;0;0;0;0.7661769147957257;0;0.0;0;0;1.6;0;5.749511833283905;0.2187526282799093;1.080194001051901;-5.422107068273903;0.8367491166077737;-0.0453580563778238;0.7284513220421591;-3.862566912615741;-0.1749271137026239;0.1683521866165413
CO;1;0.0;0;0;0.0;0.0;0;0.0;0;0;0;0.3852844044738431;0;7.109797541277533;0;0;1.5;0;0.0;0.0319406837177281;0.0;0.0;0;0.0;0;0.0;0.48;0.0308396328106237
CC(C1CC1)C(O)(Cn1cncn1)c1ccc(Cl)cc1;1;11.835812092322788;0;0;11.009123009909723;24.26546827384644;0;6.544756405912575;0;0;0;0.9214211174268792;0;5.022633313741326;0;0;2.1;0;17.485295765815295;0.1372548468019447;1.0804560974626658;4.9173895540343535;1.181960426061266;-0.0039696800697579;0.6055829763456883;-3.2037699568106026;-0.0565899408694168;0.0825931245391044
CC(=O)C1CCC2C3CCC4=CC(=O)CCC4(C)C3CCC12C;1;34.501605123439134;0;0;6.923737199690624;6.076020106833881;0;0.0;0;0;0;0.7013194281770767;0;12.338727669087405;0;0;1.826086956521739;0;17.48439593889127;0.1551972904371737;0.8944468725671796;5.150535958759854;1.0997240049213577;-0.0329420992839959;0.8305207328833168;-3.522613326213356;-0.1271956393695852;0.0879370059003645
CCCCOC(=O)CCCCC(=O)OCCCC;1;0.0;0;0;0.0;0.0;0;13.213763929025836;0;0;0;0.4215226752792795;3;12.84164324585202;0;0;1.1111111111111112;0;38.89705042072988;0.3052777456317892;1.1173124700826464;-5.285423122561773;1.1454415954415955;0.5805042985198782;0.7181174089068827;-25.48347107438016;0.0468685617332992;-0.2033397513625574
C=C(Cl)C=CC(O)CC(=C)CC1OC2C(C)C(OC(=O)CC3CC(OC(C)=O)CC4(CC(C)(O)CC(CC(=C)C(C)C(OC(C)=O)C(C)C(=O)CC5CC(OC)CC6(CC(O)CC(C=CCCCC7OC(O)(CC(O)C7C)C2O)O6)O5)O4)O3)C1O;1;23.671624184645573;0;0;41.72848353973065;12.152040213667762;0;85.0834087453024;0;0;0;0.0610682178148429;0;107.95149266051666;0;0;1.4705882352941178;0;43.25031717476858;0.3083089498343093;1.415584042306331;-9.967930973689583;1.2486793477750264;-1.9753486788818937;1.011776842497076;58.83338854877588;-0.1615354064340499;-0.107341775235226
C=C1C(=CC=C2CCCC3(C)C2CCC3C(C)CCCC(C)(C)O)CC(O)CC1O;1;23.16870860788096;0;0;5.573104530069267;13.847474399381248;0;17.808983586480295;0;0;0;0.5199919050350968;0;6.4208216229260096;0;0;1.9666666666666663;0;30.092445807571583;0.0811302362495019;1.1767164715319918;-9.580764914373416;0.9936641595814256;-0.0069932940559649;1.1786420530496358;22.823172834997152;-0.1744857320325916;0.031797662628004
N#CC(Cl)(Cl)Cl;1;0.0;0;0;0.0;0.0;0;0.0;0;0;0;0.4763058525516866;0;0.0;0;0;1.5;0;0.0;0.1935300958357142;0.3094942508852382;0.0;0;0.0;0;0.0;-0.8715953307392994;-0.4034811441566295
CN(CCCN1c2ccccc2CCc2ccccc21)CC(=O)c1ccc(Cl)cc1;1;0.0;0;0;24.26546827384644;7.04767198267719;0;6.544756405912575;0;0;1;0.4540639646278159;0;35.05037016663059;0;0;1.4666666666666666;2;17.130841211350898;0.1763045193504828;1.0119550332124256;10.732387980332264;1.225300035115986;0.1546057193838256;0.860035230896158;0.0304524895962954;-0.0521691575653062;0.0451626637054459
O=[N+]([O-])c1ccc(Oc2ccc(F)cc2F)cc1;1;0.0;0;0;0.0;0.0;0;4.923311048817671;0;0;0;0.6173782991583853;0;18.19910120538483;0;0;1.7222222222222223;0;6.06636706846161;0.2691959768102795;1.1114661681529612;-8.33635509397962;0.9375;-0.0838992166332259;0.975;-24.795288888888887;-0.1144449207029575;-0.2029449358717101
Cc1ccc(NC(=O)N(C)C)cc1Cl;1;0.0;0;0;20.16171103381599;19.056471336613843;0;0.0;0;0;0;0.7629960812555916;0;24.80536355377927;0;0;2.071428571428572;0;10.710019588424888;0.3208174447293631;1.079836393733292;8.477127851879764;0.6619759175975627;0.0954417598441078;1.1035165346995808;-16.920121372310803;-0.123448183890209;0.446320981063464
CN(C)c1ccc(N=Nc2ccccc2F)cc1;1;10.228500251258795;0;0;18.19910120538483;43.2607219700513;0;5.687386274683562;1;0;0;0.7381593922311592;0;19.782730240037942;0;0;1.5555555555555556;0;5.687386274683562;0.1501965724214075;1.0095170729022074;5.499537605421073;0.6949450549450549;-0.0808516011814773;0.8157894736842104;-2.100260416666667;-0.0955094288427621;-0.0666089012107571
Clc1ccc(CN2CCNCC2)cc1;1;0.0;0;0;0.0;12.13273413692322;0;0.0;0;0;0;0.8003735059532641;0;37.7464153433042;0;0;1.7857142857142858;0;0.0;0.040569983234053;1.0210878721164778;-0.0131877581041188;0.9299738219895288;0.0115838847536856;0.9109947643979056;1.061861464376841;-0.1085149713782474;0.0802087717217584
COC(=O)Nc1nc2ccc(Sc3ccccc3)cc2[nH]1;1;0.0;0;0;11.761884949391115;36.39820241076966;0;18.143198976510057;0;0;0;0.7695961013290724;0;9.79096695103555;0;0;2.0;0;5.948339280986494;0.4131899633782256;0.9729154647350594;-14.730280920076392;1.0691341307455051;-0.0351152420199108;1.1711238997968856;3.252182209121845;-0.2080985574595798;0.2697666969107807
NCCC(O)C(=O)NC1CC(N)C(OC2OC(CN)C(O)C(O)C2O)C(O)C1OC1OC(CO)C(O)C(N)C1O;1;22.93466990864874;0;0;0.0;0.0;0;18.69056362280884;0;0;0;0.1130637940445751;0;12.586597235060536;0;0;1.45;0;0.0;0.2486996634216957;0.9244066480924996;-17.114730343449217;1.0983516312477373;-0.2122294926748142;1.224733545713933;-28.485653457202307;0.0650905475659516;-0.1750196344667781
CN(C)C(=O)N(C)C;1;0.0;0;0;28.19068793070876;0.0;0;0.0;0;0;0;0.4441296979108746;0;28.19068793070876;0;0;1.25;0;0.0;0.3184546747602438;0.9178983097620234;0.0;0.9718670076726342;0.0;0;-35.81555555555556;-0.2158176943699731;0.8795696211066815
O=C(O)C(S)C(S)C(=O)O;1;0.0;0;0;0.0;0.0;0;0.0;0;0;0;0.454109848321836;0;0.0;0;0;1.2;0;0.0;0.3176087494329241;1.0412149376588775;0.0;0.7142857142857142;0.087800794440643;0.0;-59.16598079561044;0.1379181090556303;-0.0704827448780575
CC(=O)C1(O)CCC2C3C=C(Cl)C4=CC(=O)C5CC5C4(C)C3CCC21C;1;40.419511169600526;0;0;0.0;6.076020106833881;0;0.0;0;0;0;0.7532215562878001;0;21.78017333706855;0;0;1.8846153846153848;0;18.2566337152488;0.1613455294760449;0.8466441257260741;-10.380665704595048;1.0113564326563544;0.023449437941951;1.0229788566953797;-39.11410614718006;-0.0220171210272616;0.077598801089454
Cc1cccc2c1CN(C1CCC(=O)NC1=O)C2=O;1;0.0;0;0;10.966276799312087;19.056471336613843;0;0.0;0;0;0;0.7560450175626747;0;18.52902952053558;0;0;2.0526315789473686;0;18.52902952053558;0.2546967791827952;0.97211495382153;8.072858860447724;1.0765171503957784;0.0988020298144183;0.8562005277044856;-9.3361391694725;-0.0933498932065185;0.0356262680560277
OC(Cn1cncn1)(Cn1cncn1)c1ccc(F)cc1F;1;0.0;0;0;0.0;0.0;0;13.08951281182515;0;0;0;0.7515159753061997;0;11.629818560158606;0;0;1.5909090909090908;0;0.0;0.1372548563620827;1.1571720899847948;-2.8216350858315646;1.1919020542920031;0.0151246914252559;0.6012623054938077;59.369070790080734;-0.3224040773841571;0.0122271233250235
O=NN1CCNC1=S;1;5.2858847209627084;0;0;0.0;0.0;0;11.830641126875284;0;0;0;0.3970792878108005;0;6.544756405912575;0;0;2.625;0;11.657193290637334;0.1918677367803178;0.8062241117079803;0.0;0.3027950310559006;0.0;0;-11.205505637129567;0.083676268861454;-0.2628932067228311
CC(=O)OC1(C(C)=O)CCC2C3C=C(Cl)C4=CC(=O)C=CC4(C)C3CCC21C;1;28.58369907727774;0;0;19.075777413358384;6.076020106833881;0;0.0;0;0;0;0.6365423368760819;0;22.786004490597783;0;0;1.821428571428572;0;17.371014021201;0.3031419091022152;0.9739871458834044;9.848463069770784;1.188211237553343;0.0867857937189785;0.7503919268008912;-15.49357392039865;-0.0703887551046569;0.0983080214978912
CCOC(=O)NCCOc1ccc(Oc2ccccc2)cc1;1;0.0;0;0;6.923737199690624;54.59730361615449;0;13.151638370425491;0;0;0;0.7938096615427636;0;0.0;0;0;1.5909090909090908;1;25.508032168222314;0.406734524982305;1.447541638736767;14.687443645816074;1.29981884057971;-0.0367040500141904;0.8820199275362317;-24.623653248727607;-0.0166271580642275;-0.0350102449462626
CN(N=O)C(N)=O;1;11.019552198124892;0;0;0.0;0.0;0;5.2858847209627084;0;0;0;0.3643653082461049;0;7.04767198267719;0;0;2.2857142857142856;0;5.008912523954532;0.3370252797101017;1.2751768446011893;0.0;0.1060240963855422;0.0;0;-23.71064814814815;-0.3405963302752293;0.0954621376134527
O=C(O)C(Cl)(Cl)Cl;1;0.0;0;0;0.0;0.0;0;0.0;0;0;0;0.5487853049557158;0;0.0;0;0;1.5714285714285714;0;0.0;0.3556107606824946;0.4154534055711828;0.0;0.0;0.0;0;6.186368044838819;-0.1119402985074626;-0.4507733799424216
Cc1c([N+](=O)[O-])c(C)c([N+](=O)[O-])c(C(C)(C)C)c1[N+](=O)[O-];1;0.0;0;0;20.771211599071872;0.0;0;14.769933146453011;0;0;0;0.6208885983122052;0;5.41499046939678;0;0;1.0;0;0.0;0.2582848692275067;0.555038287186986;9.01962663093571;1.493442943824623;0.0482698820351387;0.2374893977947413;20.26432291666669;-0.0738665308201731;0.1911616114543379
CCCCCC(O)C=CC1OC2CC(O2)C1CC=CCCCC(=O)O;1;5.917906046161393;0;0;0.0;18.228060320501644;0;18.31189916324491;0;0;0;0.4124548978432446;3;18.75954929201341;0;0;2.04;0;6.4208216229260096;0.3028511139961322;0.9922854928563914;0.1602702652373623;0.9512020685481652;0.1042058688224621;1.1330169161494463;-13.680551280735948;-0.034076184464084;-0.1932197196746279
ClC1=C(Cl)C2(Cl)C3C4C=CC(C4)C3C1(Cl)C2(Cl)Cl;1;23.671624184645573;0;0;0.0;0.0;0;10.064572704227194;0;0;0;0.3118304581196562;0;0.0;0;0;1.2222222222222223;0;21.90038479654998;0.1093299158554968;0.6584098143800987;0.0;0.962962962962963;-0.0098696737764753;0.0;1.1649036404150743;0.3044694132334581;-0.0736025175952526
CCCCC(CC)CO;1;5.917906046161393;0;0;0.0;0.0;0;0.0;0;0;0;0.6045431522728564;1;6.606881964512918;0;0;2.0;0;12.52478801067431;0.0458662459549641;0.6078459851170653;5.747313464664559;0.9320524835988754;-0.0238688884380811;0.0;-1.7149062642889787;0.0224553913078503;-0.140384607591133
COc1cc(N)c(Cl)cc1C(=O)NC1CCN(CCCOc2ccc(F)cc2)CC1OC;1;0.0;0;0;25.308898746662365;0.0;0;42.1359578028086;0;0;0;0.4360349382366308;0;32.81043382747687;0;1;2.03125;0;40.92413311711518;0.2549087827502481;1.0681573957754156;-13.649269072387824;1.0632190520018403;-0.0430026844219684;0.9738751814223512;0.1297593325589271;-0.0347618887272198;-0.0262335661068457
CCCSc1ccc2[nH]c(NC(=O)OC)nc2c1;1;0.0;0;0;11.761884949391115;18.19910120538483;0;18.143198976510057;0;0;0;0.8327124144827058;0;4.895483475517775;0;0;2.388888888888889;0;5.948339280986494;0.4131899633815872;0.9364239492876067;-3.784836834145649;0.9682689636010005;-0.0282511013874025;1.411212516297262;5.462137587371408;-0.0903535288780179;0.2099027134660752
O=C1CCC(N2C(=O)C3CCCCC3C2=O)C(=O)N1;0;11.835812092322788;0;0;0.0;0.0;0;11.835812092322788;0;0;0;0.6738807039463048;0;6.4208216229260096;0;0;1.4736842105263157;0;0.0;0.2493607369617837;0.8920482107412703;7.711797983617974;1.183855227628026;0.1528716490769801;0.6658049081648402;-0.3530385487528387;0.0458885228265985;-0.1219695509875119
CNc1ccc(N=Nc2ccccc2)cc1;1;10.228500251258795;0;0;0.0;61.64497559883168;0;11.374772549367124;1;0;0;0.7607471305015102;0;12.735058257360752;0;0;1.3125;0;0.0;0.0858105908278275;1.296497530809272;-2.7815771573492505;0.8294623655913976;-0.0877399170862601;0.8731182795698923;-5.927566389219183;-0.0329922371206775;-0.1848995413842612
C[Si](Cn1cncn1)(c1ccc(F)cc1)c1ccc(F)cc1;1;0.0;0;0;11.009123009909723;24.26546827384644;0;0.0;0;0;0;0.6894872762848014;0;6.168030559903039;0;0;1.4090909090909092;0;6.168030559903039;0.1372393842499848;1.0049987637232936;-9.014211991470354;1.085756398231274;0.0851430862301467;0.6214562120921041;-12.470108851761337;-0.2180898721527275;0.0209220828568714
CC(=O)C1(N)Cc2c(O)c3c(c(O)c2C(OC2CC(O)C(O)CO2)C1)C(=O)c1ccccc1C3=O;1;5.733667477162185;0;0;12.13273413692322;0.0;0;35.48064297578686;0;0;0;0.3321078409843013;0;41.51627083556601;0;0;1.6571428571428573;0;0.0;0.197896158892136;1.0273394496212556;-24.50466642570491;0.977668554332728;-0.1044612307634005;1.1572101368019736;-20.41041859567901;-0.0372772390833022;0.0237861755223003
c1cncc(C2=NCCCC2)c1;1;4.992404732635669;1;0;6.196843571613076;12.263210640074686;0;0.0;0;0;0;0.6168997213154195;0;30.213580043606424;0;0;2.25;0;0.0;0.0435516445426246;1.0647442911855327;0.9427386421367412;1.2966101694915255;0.0071606715557828;0.5847457627118645;-0.0987654320987656;-0.0011769898484625;-0.0940343865316063
CCCCCC(O)C=CC1C2CC(OO2)C1CC=CCCCC(=O)O;1;11.835812092322788;0;0;0.0;6.076020106833881;0;12.207932775496603;0;0;0;0.3151044608789366;3;24.67745533817481;0;0;2.0;0;12.338727669087405;0.3028511139961321;0.9694988367966124;2.7125988901092684;0.8733854336263975;0.0034538955266621;1.060418143160879;-10.831760199719568;-0.0748802299584797;-0.1986386652857933
O=C1CCC(N2C(=O)c3ccccc3S2(=O)=O)C(=O)N1;0;0.0;0;0;6.06636706846161;0.0;0;5.563451491696996;0;0;0;0.7125841956044546;0;6.4208216229260096;0;0;1.85;0;4.305215991296234;0.2692679742151717;0.985839059064638;2.934785590336086;1.26936544991511;0.132969870303892;0.5397022332506203;-6.299696692577341;0.0326778079283861;0.0179969392399378
CCS(=O)(=O)OC;1;0.0;0;0;0.0;0.0;0;12.862651148024325;0;0;0;0.4858609914159675;0;0.0;0;0;2.0;0;0.0;0.2662678508920388;1.35593309490278;0.0;0.2142857142857142;0.0;0;-66.63204961133974;-0.4782529239766082;0.0607285222493692
CC(=O)OC1(C(C)=O)CCC2C3CC(C)C4=CC(=O)CCC4(C)C3CCC21C;1;34.501605123439134;0;0;6.923737199690624;6.076020106833881;0;0.0;0;0;0;0.6479725905950843;0;18.75954929201341;0;0;1.75;0;36.51326743049759;0.3031419075601983;1.0026724117134298;27.68303339502724;1.294467963953258;0.100758796857916;0.7782972623011469;-13.013935859636948;-0.0856493570861079;0.1027675758794302
O=C1CCC(N2C(=O)c3cccc([N+](=O)[O-])c3C2=O)C(=O)N1;1;0.0;0;0;0.0;0.0;0;10.486762540514666;0;0;0;0.4650547410099522;0;12.48718869138762;0;0;1.9090909090909087;0;4.899909730850478;0.2824867273412289;0.9316045502119282;8.056832168585967;1.1836363636363634;0.0485638404530426;0.9299999999999996;-45.38452422245345;0.0639824585137085;-0.0635540234913953
NC(Cc1c[nH]c2ccc(O)cc12)C(=O)O;1;5.733667477162185;0;0;24.395944776997904;0.0;0;0.0;0;0;0;0.61514071449147;0;23.520590126620142;0;0;2.25;0;0.0;0.3203169211358658;0.8361616760931219;1.654156246158184;0.9212473572938692;-0.1195499215113847;0.8909490886235075;-34.315759637188215;-0.1483428237698934;-0.0891832192480378
CCCOC(N)=O;1;5.733667477162185;0;0;0.0;6.923737199690624;0;6.606881964512918;0;0;0;0.5526104216706519;0;0.0;0;0;2.4285714285714284;0;6.606881964512918;0.4039857962252059;1.21080264877779;0.0;1.3103448275862069;0.0226151296549406;0.0;-14.128038194444445;-0.0497512437810945;-0.0264064112305359
O=S(=O)(F)C(F)(F)C(F)(F)C(F)(F)C(F)(F)C(F)(F)C(F)(F)C(F)(F)C(F)(F)F;1;0.0;0;0;0.0;0.0;0;0.0;0;0;0;0.3523386121568294;0;0.0;0;0;0.5862068965517241;0;0.0;0.192250938868027;0.9630499979311762;2.359110643108224;0.9308641975308642;-0.0015451358367463;0.8771604938271605;-1.5362247569276122;-0.0215741318361405;-0.2519398552725636
O=C1c2ccccc2C(=O)N1c1ccccc1;1;0.0;0;0;48.53093654769288;6.06636706846161;0;16.814289258077554;0;0;0;0.696344832891931;0;0.0;0;0;1.1176470588235294;1;16.814289258077554;0.2656426397442437;0.9272283852920636;-1.937389607686878;1.3087643093072712;-0.0422528482715957;0.6235011990407674;25.14595660749507;0.1503200463245535;-0.1183883137349188
O=[N+]([O-])c1ccc(Oc2ccc(Cl)cc2Cl)cc1;1;0.0;0;0;18.19910120538483;0.0;0;9.945944362558995;0;0;0;0.6062690853537354;0;17.155367450664546;0;0;1.7222222222222223;0;21.544290294050462;0.2691959767268575;1.1253335087297087;-6.106764404958681;0.9375;-0.0697647835872897;0.975;-22.641786313062035;-0.1293634496919918;-0.2602022789455699
CCCC1=NCCCC1;1;4.992404732635669;0;0;0.0;0.0;0;0.0;0;0;0;0.5371106648319124;0;12.256441408683276;0;0;2.333333333333333;0;0.0;0.0388297034381753;1.4767302350881426;3.2891111275329834;1.319672131147541;0.0079125520006005;0.2154566744730679;-0.5000000000000001;-0.05459270441213;-0.2043994068180366
OCc1c[nH]c2ccccc12;1;0.0;0;0;0.0;30.46231184545952;0;6.606881964512918;0;0;0;0.6318762276386146;0;22.66321999539113;0;0;2.090909090909091;1;0.0;0.0702187870172967;0.577649422433443;1.0088216701213182;1.2006319115323858;-0.0027053212566146;0.1500789889415482;0.2099999999999998;-0.0133819532835666;-0.029942949161744
CCOCCO;1;0.0;0;0;0.0;6.923737199690624;0;13.213763929025836;0;0;0;0.4947212507995219;0;6.606881964512918;0;0;2.333333333333333;0;13.213763929025836;0.0697051984967967;1.1831908482092106;0.0;1.3888888888888888;0.0160030238228661;0.0;0.65625;-0.0404241219350563;-0.230984539962154
O=C(O)CN(CCN(CC(=O)O)CC(=O)O)CC(=O)O;1;0.0;0;0;0.0;0.0;0;26.1790256236503;0;0;0;0.333294737123963;0;13.08951281182515;0;0;0.75;0;0.0;0.3172181189756388;0.9253053947244284;-13.054228693187678;1.0638297872340428;-0.9326748377259488;1.1111111111111112;52.39489026063099;-0.3868101338389964;-0.1185369233967945
Brc1cc(Oc2cc(Br)c(Br)c(Br)c2Br)c(Br)c(Br)c1Br;1;0.0;0;0;0.0;12.13273413692322;0;17.890878063329655;0;0;0;0.2174262443747512;0;17.890878063329655;0;0;0.8095238095238095;0;11.49902366656781;0.1435215723733539;1.360949953486033;0.2496589502499502;0.8861111111111112;-0.0180609234137419;1.1392857142857145;-2.0101311841842544;0.0446649655042056;-0.2154098763106728
N#CC(Cl)Br;1;0.0;0;0;6.069221312792274;0.0;0;6.069221312792274;0;0;0;0.4848242918871489;0;0.0;0;0;2.2;0;0.0;0.1742762877304183;0.6072085250708606;0.0;0;0.0;0;0.0;-0.2202072538860103;-0.3887261148467449
CCCCCCCN(CC)CCCC(O)c1ccc(NS(C)(=O)=O)cc1;1;0.0;0;0;24.26546827384644;0.0;0;12.359735571259709;0;0;0;0.4725190328976436;4;5.687386274683562;0;0;1.6153846153846154;0;12.10820789760957;0.2293188515850151;1.149237806365024;7.610591488948342;0.9646253043679348;-0.2337394323481506;1.1277467696307055;13.23411315926768;-0.0165127875494263;-0.1154699039501958
COC(F)(F)C(Cl)Cl;1;0.0;0;0;0.0;0.0;0;0.0;0;0;0;0.5683931276423007;0;7.109797541277533;0;0;1.875;0;0.0;0.3217038131586043;0.960734237034736;0.0;0.5;0.0;0;-42.985875342935536;0.2056232427366448;0.0780810851053313
CNC(=O)Oc1cccc2ccccc12;1;0.0;0;0;6.06636706846161;36.39820241076966;0;0.0;0;0;0;0.7695670306859667;0;12.433896197141983;0;0;1.8666666666666667;0;5.749511833283905;0.4096970676079811;1.0318078976895122;-2.9451063467831515;1.2003693444136654;-0.051285295154685;0.8729958868463022;-15.749506903353062;0.0634725634725634;0.273216447133371
O=C(O)Cc1ccccc1Nc1c(Cl)cccc1Cl;1;0.0;0;0;36.39820241076966;6.06636706846161;0;22.153474525092225;0;0;0;0.8807285394160606;0;5.687386274683562;0;0;1.6842105263157894;2;26.98349066854677;0.3073958769244231;0.9749829907954992;-7.658246366103202;1.0187353629976583;-0.1567291258686872;0.947712418300654;4.374002946705275;-0.0521222325953587;-0.2459018687210964
C[Si]1(c2ccccc2)CC[Si](C)(c2ccccc2)O1;1;0.0;0;0;0.0;0.0;0;0.0;0;0;0;0.7704972708551153;0;0.0;0;0;1.0526315789473684;0;0.0;0.2086092396889333;2.19345371438439;4.9260033012590645;1.280529953917051;0.0340019708600507;0.6129032258064517;-1.682877503900332;-0.1798772595402812;-0.0832192035258542
CC(C)[N+]1(C)C2CCC1CC(OC(=O)C(CO)c1ccccc1)C2;1;0.0;0;0;0.0;30.33183534230805;0;31.78007643463399;0;0;0;0.6661029067869589;0;25.68328649170404;0;0;1.7916666666666667;0;18.12552248744388;0.3155558661044301;1.1032948511656422;-10.077068067926383;1.0088323627860063;-0.1392505627301493;1.073594804170683;37.98407493141289;-0.0856389028546906;-0.0047750005687355
ClC1=C(Cl)C2C3C4CC(C5OC45)C3C1C2(Cl)Cl;1;35.50743627696836;0;0;0.0;0.0;0;12.207932775496603;0;0;0;0.3768775827925143;0;21.90038479654998;0;0;1.411764705882353;0;45.94412966436936;0.1338242800696804;0.8241701481488425;0.0;0.8413120567375886;-0.0110942423017319;0.0;-1.1994974512692849;0.0216500849567735;-0.0524454815549339
CCCOC(=O)CCCCC(=O)OCCC;1;0.0;0;0;0.0;13.847474399381248;0;13.213763929025836;0;0;0;0.4507433213223934;1;12.84164324585202;0;0;1.1875;0;38.89705042072988;0.3052775764205152;1.1826496410562837;-5.347549720814451;1.3605418943533705;0.613834858027936;0.6302510245901641;-33.66066481994458;0.0471902017291066;-0.1971827780351698
O=C1CNC(=O)N1;1;0.0;0;0;0.0;5.316788604006331;0;6.544756405912575;0;0;0;0.3765245568391013;0;0.0;0;0;2.142857142857143;0;0.0;0.3214233815391396;1.487569783217351;0.0;0.0;0.0;0;6.483700642791551;-0.4153430914564519;0.0448516199862715
c1cncc(C2CCCCN2)c1;1;0.0;1;0;0.0;18.46005421168776;0;0.0;0;0;0;0.6818149785973887;0;18.43552797237412;0;0;2.4166666666666665;0;6.041840829147961;0.0335004787365793;0.96427386655622;0.3568862351231447;1.098493833017078;0.0104792571692501;0.5714514066496165;0.2687376725838261;-0.0292558719600914;-0.1123321816580167
CCC(=O)OC(OP(=O)(CCCCc1ccccc1)CC(=O)N1CC(C2CCCCC2)CC1C(=O)O)C(C)C;1;17.75371813848418;0;0;6.923737199690624;44.179309741689295;0;0.0;0;0;0;0.1256311117205598;1;25.045394102467903;0;0;1.7435897435897436;0;25.304305697925987;0.3259261980875711;1.080292962017395;27.95381227875493;1.1259960159362556;0.4094972506554952;1.0861395965434044;17.866137470077195;0.0101085337722395;-0.0975420665315507
O=C(O)C(Br)Br;1;0.0;0;0;0.0;0.0;0;0.0;0;0;0;0.6705579213453947;0;0.0;0;0;1.8333333333333333;0;0.0;0.3277200608057637;1.3096654801558676;0.0;0.0;0.0;0;6.700076088820302;-0.1248216833095577;-0.3000201891081426
COc1cc(-c2ccc([N+]#N)c(OC)c2)ccc1[N+]#N;0;0.0;0;0;36.39820241076966;0.0;0;14.219595082555069;0;0;0;0.7757572311187968;0;12.13273413692322;0;0;1.15;0;22.87379621593493;0.4258082624366485;0.8640944721597531;-9.30886786517204;1.0868718348266455;0.0057169890215791;0.768775538960124;3.362847222222221;-0.037069597069597;0.1168239965098358
CCC1(O)CC2CN(CCc3c([nH]c4ccccc34)C(C(=O)OC)(c3cc4c(cc3OC)N(C=O)C3C(O)(C(=O)OC)C(OC(C)=O)C5(CC)C=CCN6CCC43C65)C2)C1;1;11.332896515558172;0;0;6.06636706846161;50.264982886895446;0;38.659670538647816;0;0;0;0.1310247762677446;0;78.20125607837056;0;0;1.7333333333333334;1;99.495714536519;0.3436305422897213;0.8221958434021199;-51.32478682557009;1.4017621412909371;0.3088102210603381;1.046324830274438;-27.886527282335848;0.0152866513272485;0.1780468047421715
CN(C)C(=S)N(C)C;1;0.0;0;0;0.0;37.99050739240972;0;0.0;0;0;0;0.440343890833566;0;28.19068793070876;0;0;1.25;0;0.0;0.1700218225144472;0.6545339494339766;0.0;0.9718670076726342;0.0;0;1.3747050754458157;0.00418410041841;0.5643425631927292
CCCc1nc(N)nc(N)c1-c1ccccc1;1;0.0;0;0;0.0;30.33183534230805;0;5.693927994848461;0;0;0;0.8442485301276033;0;5.563451491696996;0;2;1.7647058823529411;0;5.817862777835028;0.2217269627266453;1.066340222353884;2.282492904614883;1.7974905164867228;-0.1314149202029384;0.5007295010213012;13.159167431894708;0.089227104287983;0.1402554259339453
CC(C)(C)NCC(O)COc1cccc2c1CC(O)C(O)C2;1;0.0;0;0;0.0;38.970312804456704;0;12.207932775496603;0;1;0;0.6414681234920219;0;30.488776395844933;0;0;1.9090909090909087;0;25.1359114850485;0.1225012679343866;1.1581992368486838;-2.795661577670131;0.8041025641025641;-0.2593922709026112;0.7420902684060579;-5.850979337313158;-0.2153957201086956;-0.0553891671759197
CC(C)COC(=O)CCCCC(=O)OCC(C)C;1;11.835812092322788;0;0;0.0;27.694948798762496;0;13.213763929025836;0;0;0;0.4710937585474357;1;12.84164324585202;0;0;1.1111111111111112;0;50.73286251305266;0.3052875645773388;1.102650487804471;-5.285423122561773;0.8978240740740742;0.62016700714386;0.6921951219512196;-29.72865013774105;-0.1012536525591479;-0.0883618487293167
COCCOCCOC;1;0.0;0;0;14.219595082555069;0.0;0;26.427527858051672;0;0;0;0.48875351850886;0;14.219595082555069;0;0;1.2222222222222223;0;26.427527858051672;0.070097234761051;1.0240077292502063;9.707621495254257;0.9267399267399264;0.0409172225028593;0.7529761904761902;5.0;-0.1916469661150512;0.1274868907982032
CCOC(=O)CCCCC(=O)OCC;1;0.0;0;0;13.847474399381248;0.0;0;13.213763929025836;0;0;0;0.4652296975272086;1;12.84164324585202;0;0;1.2142857142857142;0;38.89705042072988;0.3052676571289864;1.3197039552271164;-5.439286018256965;1.547504025764895;0.6075387280692119;0.5860113421550094;-29.559895833333336;0.0057382846393338;-0.1893680824761916
CN(C)C(=O)N(C)N=O;1;5.2858847209627084;0;0;14.09534396535438;0.0;0;5.2858847209627084;0;0;0;0.3788524271139712;0;21.143015948031568;0;0;1.7777777777777777;0;0.0;0.329210728091299;0.8457538457140045;0.0;0.9648648648648648;0.0;0;-29.209876543209887;-0.1356735276136132;0.5534152612294162
OCC1CO1;1;0.0;0;0;0.0;0.0;0;13.213763929025836;0;0;0;0.4202158371711661;0;0.0;0;0;2.6;0;0.0;0.10394606346396;0.7865856947926251;0.0;0.235042735042735;0.0;0;-4.635674931129477;0.0383709981167607;-0.2166772160579288
C=CCOC(Cn1ccnc1)c1ccc(Cl)cc1Cl;1;0.0;0;0;30.732917890134715;16.83031028786604;0;19.478958445190035;0;0;0;0.74944613446092;0;28.0024052624058;0;0;2.263157894736842;0;23.196904997908145;0.1022212015300191;1.186247257173098;-9.374991819355309;1.0066374805818388;0.0228758469415533;0.856815578465063;0.1192363143146692;-0.0839469017036599;0.1332557660746164
CCCO;1;0.0;0;0;0.0;6.923737199690624;0;0.0;0;0;0;0.4637839830239684;0;6.606881964512918;0;0;2.0;0;6.606881964512918;0.0427892799205337;0.8394047566950287;0.0;0.0;0.0;0;-5.250000000000002;0.0199203187250996;-0.2975867895997711
CC(=O)OCC=C(C)C=CC=C(C)C=CC1=C(C)CCCC1(C)C;1;5.41499046939678;0;0;0.0;25.151797520192265;0;0.0;0;0;0;0.4359975230778407;0;6.923737199690624;0;0;1.875;0;6.606881964512918;0.302440044989903;1.1122370098474126;29.21652795934361;1.0186109095307212;-0.1124082843553128;0.7556677840508118;1.0737825077947878;-0.2581606732976281;0.1245892224975307
C=C[Si](C)(O[Si](C)(C)C)c1ccccc1;1;0.0;0;0;0.0;11.765661329285956;0;0.0;0;0;0;0.7302553587871278;0;0.0;0;0;1.6;0;0.0;0.2335010238412573;2.7394502214466865;8.383562434404135;1.575497287522604;0.0307518176718465;0.3213502109704641;6.820813464846388;-0.1691167523374473;-0.1397668605384101
C[N+]1(C)C2CC(OC(=O)C(O)(c3cccs3)c3cccs3)CC1C1OC12;1;0.0;0;0;12.13273413692322;22.89285967785505;0;23.849638352756976;0;0;1;0.492985025398511;0;12.84164324585202;0;0;1.6923076923076923;0;34.04590882119512;0.3492160704134812;0.927424725544038;-18.01785108389372;1.0042008624287104;0.0488940255073968;1.0699363794100636;-6.830684215916016;-0.0478884370072429;0.1534765915219519
CC12CCC(=O)C=C1CCC1C2C(O)CC2(C)C(C(=O)CO)CCC12;1;34.501605123439134;0;0;0.0;6.076020106833881;0;6.103966387748303;0;0;0;0.8060203920942325;0;12.338727669087405;0;0;2.0;0;24.6774553381748;0.161297577647385;0.7022717755584789;6.571700226592299;1.2136602451838885;0.2753129417847313;0.7368651488616466;-0.7398415977961399;-0.0992363259861613;0.0949472807376639
COc1c2occc2cc2ccc(=O)oc12;1;0.0;0;0;12.329530064100666;12.13273413692322;0;13.37296053691659;0;0;0;0.5863590335117103;0;16.838815497391202;1;0;1.9375;0;16.915552116568392;0.3358255779446716;0.8590576871914629;8.200304960265317;1.418478260869565;0.0472058101497285;0.4285714285714285;-5.591145833333332;0.017391304347826;0.1419228431094672
CC12C=CC3=C4CCC(=O)C=C4CCC3C1CCC2O;1;17.250802561719567;0;0;0.0;6.076020106833881;0;6.103966387748303;0;0;0;0.7328188415755944;0;11.83581209232279;0;0;2.05;0;24.03987866161373;0.1558044885558624;0.8903361446619757;-9.426524111726245;0.9786550871605766;0.024337226368835;0.9052241548260656;-17.805571302595112;-0.0799137187230371;0.0471997200051853
COC(=O)Nc1nc2ccccc2[nH]1;1;0.0;0;0;0.0;24.26546827384644;0;18.143198976510057;0;0;0;0.7209846494716929;0;0.0;0;0;2.2857142857142856;2;5.948339280986494;0.4131899633669292;1.0394596831129668;-2.4392969833288336;1.0300589050589055;0.1272906366555703;1.4121621621621627;-2.6809493803822773;-0.1451599079243803;0.238731700183757
CC(=O)OC1(C(C)=O)CCC2C3C=C(Cl)C4=CC(=O)C5CC5C4(C)C3CCC21C;1;40.419511169600526;0;0;6.923737199690624;6.076020106833881;0;0.0;0;0;0;0.6166116116190477;0;28.70391053675917;0;0;1.793103448275862;0;23.28892006736239;0.3031419091021931;0.9761652978436084;-0.9178298984967628;1.1806482723918148;0.078559523082506;0.809459912780946;-20.10367538173268;-0.0401766919484691;0.0767387937429055
CNC(=O)Oc1cccc2c1OC(C)(C)O2;1;0.0;0;0;32.04657560476608;0.0;0;0.0;0;0;0;0.7896946509352879;0;20.89514638205844;0;0;2.125;1;17.248535499851716;0.4119738849811848;1.717128579978365;11.744802085732005;1.391541768328105;-0.0131676222577013;1.023555087296809;-10.649499603646458;-0.2231642583308758;0.1330891992471987
CCCCC(=O)N(Cc1ccc(-c2ccccc2-c2nnn[nH]2)cc1)C(C(=O)O)C(C)C;1;5.917906046161393;0;0;0.0;69.30214814676475;0;0.0;0;0;0;0.4944316269245907;1;18.52902952053558;0;0;1.75;0;12.245226120925937;0.3261964828202927;0.7771139649047841;-16.605822190819165;1.2560445147440966;-0.0374999427047425;0.8183007961609771;-9.385559437427217;0.0291074085018576;0.0666818620159212
CCCC1CCCCN1;1;0.0;0;0;0.0;0.0;0;0.0;0;0;0;0.5973503916135384;0;6.041840829147961;0;0;2.333333333333333;0;0.0;0.0066920508882618;1.340217968454359;2.8025562270103777;1.1147103658536586;0.0061105744081474;0.2264808362369338;0.3251972386587768;-0.069914317302377;-0.2220884171578346
NC(=O)NC(=O)Cc1ccccc1;1;5.733667477162185;0;0;12.13273413692322;23.51588980939116;0;6.4208216229260096;0;0;0;0.6885995439708613;0;0.0;0;0;1.8461538461538465;0;0.0;0.3183262049567879;1.301025248614866;-2.3928145774669334;1.0788912579957353;-0.0421020490357934;0.8968283582089549;47.944129384583086;-0.3396252335421476;0.0950493895445971
O=c1[nH]c(=O)n(C2CC(O)C(CO)O2)cc1Cl;1;0.0;0;0;0.0;4.9839785209472085;0;12.71084835226122;0;0;0;0.6230056081477686;0;12.617665194539086;0;0;2.294117647058824;0;0.0;0.3300339074583461;1.0125323070097034;-1.0643965948655034;0.898647356196202;-0.0436355861782398;0.947863337164351;22.960025070842228;0.0272659176029962;0.034566550536579
Nc1ncnc2c1ncn2C1CC(O)C(CO)O1;1;0.0;0;0;10.894419722555895;0.0;0;19.038168427025763;0;0;0;0.6289933028308912;0;6.4208216229260096;0;1;2.2777777777777777;0;23.402562339145025;0.1670549838918478;1.0826070630819002;-9.668807844988992;0.977653025836657;-0.1902970043710112;1.1538046605293442;7.227454040929584;-0.0123922164119783;0.1174779989697805
O=C(NC1C=CCCC1)NS(=O)(=O)c1ccc(Cl)cc1;1;0.0;0;0;0.0;16.87413507811985;0;4.895483475517775;0;0;0;0.8413972678218504;0;11.064474142889289;0;0;1.95;0;5.022633313741326;0.3286571608540643;0.924721401107558;0.7101863596951618;0.9105186855670104;-0.1185617105645671;1.2048969072164948;56.05454288482655;0.0050987296203203;0.0005174199723917
CCOCC(=O)O;1;0.0;0;0;6.923737199690624;0.0;0;0.0;0;0;0;0.5522753046772026;0;6.606881964512918;0;0;2.4285714285714284;0;6.606881964512918;0.3291414961166573;1.1063455343524304;0.0;1.3897058823529416;0.022567618657147;0.0;3.2806172839506123;-0.1583605430486338;-0.2447782456543862
CS(=O)(=O)OCOS(C)(=O)=O;1;0.0;0;0;0.0;0.0;0;12.511538367022808;0;0;0;0.4263162451689113;0;0.0;0;0;1.181818181818182;0;0.0;0.2402171400797751;1.83981072609394;4.458978811855057;0.2581132075471699;-0.0847050622002405;0.0;-21.78160207889228;-0.5051885218551885;-0.0073236478036469
CC12CCC(=O)C=C1CCC1C2CCC2(C)C1CCC2(C)O;1;28.583699077277743;0;0;0.0;6.076020106833881;0;5.601050810983688;0;0;0;0.7253305311285854;0;6.4208216229260096;0;0;1.7272727272727273;0;11.701150992526332;0.1551972904371741;1.0610054139298348;-5.992209646124077;0.9346804511278196;0.0605778941171493;0.9524115165963692;-20.674355892504927;-0.1299410057121454;0.1050534715661569
NC(=O)OCCO;1;5.733667477162185;0;0;0.0;0.0;0;6.606881964512918;0;0;0;0.4763559165018339;0;0.0;0;0;2.4285714285714284;0;0.0;0.4040706053580316;1.239497307962644;0.0;1.513698630136986;0.068421265104296;0.0;-18.551587301587308;-0.1313131313131313;-0.0505203750558284
O=c1[nH]c(=O)n(C2CC(O)C(CO)O2)cc1F;1;0.0;0;0;4.9839785209472085;0.0;0;18.907691923874296;0;0;0;0.5776171321259124;0;6.4208216229260096;0;0;2.294117647058824;0;0.0;0.3301231428271725;0.9383603003421132;7.212661674352398;0.898647356196202;-0.0250741442427557;0.947863337164351;6.067602040816327;-0.0114810562571756;-0.0778771076015385
CN1CCN(c2c(F)cc3c(=O)c(C(=O)O)cn4c3c2OCN4C)CC1;1;0.0;1;0;16.73268694752713;11.947581713527669;0;5.386224214464796;0;0;1;0.8339087025992016;0;39.42354117794056;0;0;1.9230769230769231;0;24.293599804124977;0.3408029465105392;0.8230535754504106;21.299217472415748;0.9656862745098038;0.1575533724584064;1.017156862745098;54.20864197530862;-0.0221213227969984;0.0783082245350891
Cc1cc(C)nc(NS(=O)(=O)c2ccc(N)cc2)n1;1;0.0;0;0;19.913841467842857;0.0;0;4.895483475517775;0;0;0;0.8285267006028038;0;17.075242264380485;0;1;1.5789473684210529;0;17.075242264380485;0.2637236451803137;1.247489001851074;-6.854537306194527;1.077356446370531;-0.5073643232232709;0.8841444270015698;16.432621356349376;-0.1509328655716791;0.0698665234391083
O=c1[nH]c(=O)n(C2CC(O)C(CO)O2)cc1I;1;0.0;0;0;22.590870627068057;0.0;0;16.281030623326615;0;0;0;0.5780298846367379;0;12.617665194539086;0;0;2.294117647058824;0;3.5701822710653963;0.3300074157703424;1.0975608333675428;-7.798060591315019;0.898647356196202;-0.049633488545594;0.947863337164351;23.720145229528853;0.0144144144144144;0.1037725137351235
COc1ccc2cc(CCC(C)=O)ccc2c1;1;0.0;0;0;14.033534740968156;18.19910120538483;0;7.109797541277533;0;0;0;0.8015823313615686;0;6.4208216229260096;0;0;1.8235294117647056;0;6.4208216229260096;0.1296708262750454;1.2671803794538798;1.4995713692420072;0.9095302013422818;0.0420295675757445;0.9922147651006712;-7.181512090602999;-0.2285937267727069;0.1061485949608756
C[Si]1(C)O[Si](C)(c2ccccc2)O[Si](C)(C)O[Si](C)(c2ccccc2)O1;1;0.0;0;0;0.0;36.39820241076966;0;0.0;0;0;0;0.6976339579045795;0;0.0;0;0;0.7307692307692307;0;0.0;0.3512282013289386;2.8505217739297093;70.18094510839099;1.9801959983666808;-0.0369249452383119;0.6080811439973397;46.07578532810897;0.0296211978569349;0.017329106060531
CCCCO;1;0.0;0;0;0.0;0.0;0;0.0;0;0;0;0.5128217987135145;1;6.606881964512918;0;0;2.2;0;6.606881964512918;0.0430422834852069;0.7478673019972514;0.0;0.5555555555555555;0.0;0;0.25;0.0119521912350597;-0.2629259475198186
COc1cc2cc(c1Cl)N(C)C(=O)CC(OC(=O)C(C)N(C)C(C)=O)C1(C)OC1C(C)C1CC(O)(NC(=O)O1)C(OC)C=CC=C(C)C2;1;5.917906046161393;0;0;45.17992073264942;12.999757306524504;0;25.321971826635405;0;0;1;0.345980722120475;0;40.46760637540993;0;0;1.9375;0;17.85771973089348;0.4092536565807266;1.1641034238949797;-33.57472785404515;1.1368837839983874;-0.6073150861773938;1.2253457882715628;-22.51921463572453;-0.0659935625606702;0.1226751667319443
COc1ccc(CC(O)c2cc(OC)c(OC)c(OC)c2)cc1O;1;0.0;0;0;30.33183534230805;0.0;0;34.543156552858434;0;0;0;0.8105860016216352;0;6.4208216229260096;0;0;1.4166666666666667;0;34.982320447758624;0.2027772134244012;0.8755317871284394;15.458979415726263;1.3759276573365278;0.1265212301546171;0.6426035762285982;-5.409722222222223;-0.0094940476190476;0.267202153415607
O=[N+]([O-])c1ccc(Oc2cc(Cl)c(Cl)cc2Cl)cc1;1;0.0;0;0;0.0;0.0;0;19.99121099004165;0;0;0;0.4353957300086538;0;18.19910120538483;0;0;1.5263157894736843;0;26.56692360779179;0.2691959767270104;1.1225204349071425;-6.418759785175138;0.8954754922496856;-0.0481675663361659;1.0138248847926263;-22.29090345983844;-0.0191570881226053;-0.2549890394906635
Clc1cc(Cl)c(Oc2cc(Cl)c(Cl)cc2Cl)cc1Cl;1;0.0;0;0;0.0;0.0;0;30.13579988244796;0;0;0;0.4959127329795535;0;12.13273413692322;0;0;0.7894736842105263;0;41.63482354901576;0.1471856743663553;1.2755182972524173;1.7390840306639626;0.925609756097561;-0.0116796800729738;1.057839721254355;-2.8588106843180867;-0.1925414035505778;-0.3295206487136997
Nc1cc(S(=O)(=O)O)cc2cc(S(=O)(=O)O)c(N=Nc3ccc(-c4ccc(N=Nc5c(S(=O)(=O)O)cc6cc(S(=O)(=O)O)cc(N)c6c5O)c(Cl)c4)cc3Cl)c(O)c12;1;20.45700050251759;0;0;0.0;0.0;0;19.836233578518204;2;0;0;0.0398638585691587;0;22.14722097829672;0;2;0.8103448275862069;0;11.126902983393991;0.2964147777550926;0.850247677541561;32.72811738233244;1.033977814638192;0.9483484755233568;1.4075563068207777;-105.7867796448712;-0.1450601254444489;-0.0091368162957293
C=C(C)C(=O)OCCCCCCCC(C)C;1;5.917906046161393;0;0;6.923737199690624;0.0;0;6.606881964512918;0;0;0;0.3359230833988581;4;5.573104530069267;0;0;1.6875;0;12.179986494582185;0.3326028121928495;0.801491868844111;-0.0087844887306711;0.7675120772946861;-0.0006262506743792;0.8913043478260869;-15.222222222222218;-0.0405;-0.0918879161001192
CCCCCC;0;0.0;0;0;0.0;0.0;0;0.0;0;0;0;0.4629542813199688;3;0.0;0;0;1.1666666666666667;0;0.0;0.0535787022523684;0.9047619047619044;0.0;0.9895833333333331;0.0047756389079843;0.0;0.0399999999999998;-0.0158730158730158;-0.232804232804233
CCOc1nc2cccc(C(=O)O)c2n1Cc1ccc(-c2ccccc2-c2nnn[nH]2)cc1;0;0.0;0;0;18.19910120538483;60.02177339517485;0;29.748491297355013;0;0;0;0.3921160309263102;0;5.563451491696996;0;0;1.818181818181818;1;36.019909143244774;0.3374034557927297;0.8683992826549941;-34.742983653558554;1.3164969843184555;-0.0923817132047579;0.966420736667882;-7.993067916617221;0.0505300774270398;0.1646887296124531
CC(C)OS(C)(=O)=O;1;0.0;0;0;13.847474399381248;0.0;0;12.359735571259709;0;0;0;0.5176932527374468;0;0.0;0;0;1.75;0;0.0;0.2641325247322679;1.842190527817117;0.0;1.7314814814814814;0.0;0;10.550390089163232;-0.2426729986431479;-0.1735614963151772
S=C=S;1;0.0;0;0;0.0;4.31414416810647;0;0.0;0;0;0;0.3949540667862806;0;4.31414416810647;0;0;1.3333333333333333;0;0.0;0.0148265096147026;0;0.0;0;0.0;0;0.0;0;0.500000000000006
NC(=O)CN1C(=O)c2ccccc2C1=O;0;5.733667477162185;0;0;24.26546827384644;0.0;0;11.126902983393991;0;0;0;0.6753298837434427;0;0.0;0;0;1.6;0;11.126902983393991;0.2615320160463376;1.0434299888651506;3.4974340594400086;1.2816616008105377;0.0114179549910871;0.5949441504997063;-11.675015752993067;-0.0790362579100393;0.097061989451552
CNC(=O)ON=CC(C)(C)SC;1;5.15571272675054;0;0;17.976485528926432;20.10324358289265;0;6.2146005795353165;0;0;0;0.4163045753759543;0;11.794694435894748;0;0;2.25;0;0.0;0.3226583391133784;0.9165460644869334;-9.631623889962622;0.3832547169811321;-0.0517381227068433;1.461769115442279;-15.239372169259989;-0.4385768342424688;0.2780183748328782
COc1cc(NCc2ccc3nc(N)nc(N)c3c2C)cc(OC)c1OC;1;0.0;0;0;21.3293926238326;31.189205473537065;0;26.84609334144886;0;0;0;0.6069831028443924;0;29.751101031984152;0;2;1.6296296296296295;0;29.61115468359932;0.2220500341863099;0.9039478186425884;1.6115709044858035;1.5094584089142264;-0.1113375639329236;0.6061975224970819;17.238611111111105;-0.0134556005110732;0.2855093493967516
CN1CCCN(C(c2ccccc2)c2ccc(Cl)cc2)CC1;1;0.0;0;0;0.0;12.13273413692322;0;6.041840829147961;0;0;1;0.8424641571336473;0;24.65690253147905;0;0;1.5;0;6.041840829147961;0.0601770454438902;1.0779151141881234;-11.462888445379544;1.1968085106382984;0.019292920382081;0.9364808200031064;2.3993094247527007;-0.0784501131544833;0.1317731051565241
CCC1(O)CC2CN(CCc3c([nH]c4ccccc34)C(C(=O)OC)(c3cc4c(cc3OC)N(C)C3C(O)(C(N)=O)C(O)C5(CC)C=CCN6CCC43C65)C2)C1;1;17.066563992720358;0;0;7.109797541277533;62.21256460042311;0;25.862486722686715;0;0;1;0.1869229290650602;0;84.01257713604069;0;0;1.818181818181818;1;69.47216228027469;0.3220104904578991;0.839837598424833;-26.33731410734248;1.3814375173183064;0.5465668403550004;0.9726667447718562;1.8260956152433463;0.0244072187748127;0.1748945475257236
O=[N+]([O-])c1ccc(Oc2ccc(Cl)cc2)cc1;1;0.0;0;0;36.39820241076966;0.0;0;4.923311048817671;0;0;0;0.6092564050169627;0;17.155367450664546;0;0;1.411764705882353;0;16.521656980309135;0.2691959766430373;1.17557093499653;-5.195956263898703;0.9365634365634364;-0.0150876569296047;1.0989010989010983;-22.25134912360921;-0.1568777015001271;-0.2655670960287792
C=C(C)C#N;1;0.0;0;0;6.923737199690624;6.069221312792274;0;6.069221312792274;0;0;0;0.3888430212235216;0;5.573104530069267;0;0;2.2;0;5.573104530069267;0.0937374695299826;0.7751728951208678;0.0;0.0;0.0;0;-14.046944444444446;-0.5614035087719299;0.0292004194569755
Nc1ccn(C2CCC(CO)O2)c(=O)n1;1;0.0;0;0;12.263210640074686;0.0;0;12.71084835226122;0;0;0;0.6875458801290978;0;6.196843571613076;0;1;2.466666666666667;0;6.4208216229260096;0.3511186510191738;1.0761103476346934;-3.547428429463854;0.9791393244456724;0.0750858532350108;0.8600107066381155;6.876417233560094;-0.0366588112071222;0.0452428832865523
CCCCCC(O)C=CC1C(=O)CC(O)C1CC=CCCCC(=O)O;1;11.835812092322788;0;0;12.152040213667762;12.152040213667762;0;12.207932775496603;0;0;0;0.3701034711062733;3;24.67745533817481;0;0;2.04;0;25.68328649170404;0.3028511139961321;0.964827563092708;2.728650771228129;0.9045357990753468;0.0536797021256995;1.0754716981132075;4.459944940323512;-0.0399133663366336;-0.1825097812546568
C=C1CC2CCC34CC5OC6C(O3)C3OC(CCC3OC6(O)C5O4)CC(=O)OC3C(CC4OC(CCC1O2)CC(C)C4=C)OC1CC2OC4(CC2OC1C3C)CC1OC2(CC(C)C3OC(C(O)CC(O)CO)CC3O2)CC(C)C1O4;1;23.671624184645573;0;0;0.0;0.0;0;129.00306495465668;0;0;0;0.2275510143914889;0;70.12612227542151;0;0;1.25;0;77.04985947511214;0.3083026911891087;1.336932331969244;29.90054613822837;1.1511734828935127;0.2458180431245817;1.0643410494550811;-5.906790817890033;-0.0832469570931662;-0.1253740226542761
Nc1ncnc2nc[nH]c12;1;0.0;0;0;0.0;0.0;0;6.3273200747645415;0;0;0;0.5296759293780585;0;0.0;0;1;2.2;0;16.981740716219015;0.1822407359345177;0.7997745490981965;0.0;1.0714285714285712;0.0;0;-2.4711111111111137;-0.0584677419354839;0.1971148564005674
CS(=O)(=O)Nc1ccc2c(c1)C(=O)CC1(CCN(CCc3ccc4nonc4c3)CC1)O2;1;0.0;0;0;18.19910120538483;18.19910120538483;0;18.24004229813441;0;0;0;0.6231595825655395;0;38.16329873827331;0;0;1.875;0;23.42117122259048;0.2293192279900692;1.257552371599497;2.795159235887496;0.9130434782608696;0.5141172232243226;0.9426658740942028;24.97834399320428;-0.1594970898944958;-0.0483414514265659
CCCCOCC1CO1;1;0.0;0;0;0.0;0.0;0;13.213763929025836;0;0;0;0.4117965166468658;1;6.606881964512918;0;0;2.4444444444444446;0;6.103966387748303;0.1042198377882953;0.9308186524155894;-0.6980748410713451;0.8297555158020276;0.0187511438988778;1.22577519379845;0.183679899180844;0.0067044868488911;-0.1527424956933247
O=C1c2ccccc2C(=O)N1N1C(=O)c2ccccc2C1=O;0;0.0;0;0;24.26546827384644;0.0;0;22.253805966787983;0;0;0;0.7463393942660379;0;0.0;0;0;0.6818181818181818;0;10.017825047909064;0.2666228779360772;0.7750947086110721;0.1907703920876877;1.205654101995565;0.146433006628913;1.205654101995565;8.714074074074059;0.2581351689612015;-0.0871816900958534
CNC(C)Cc1ccccc1;1;0.0;0;0;0.0;13.1140390511388;0;0.0;0;0;1;0.6911085509284691;0;6.041840829147961;0;0;1.9090909090909087;0;6.041840829147961;0.0076097294978345;1.387418434728246;2.3599256625937195;1.0269516728624537;-0.0085773411841846;0.483271375464684;0.5808678500986189;-0.167702978376173;0.052905718476912
C=CC(=C)Cl;0;0.0;0;0;0.0;0.0;0;0.0;0;0;0;0.4298457906093489;0;5.032286352113597;0;0;2.0;0;5.032286352113597;0.0327789574774525;1.7248641961896296;0.0;0.0;0.0;0;-2.333680841335162;-0.4191696113074205;-0.2321899620311421
COc1cc(-c2ccc(N=Nc3c(S(=O)(=O)O)cc4cc(S(=O)(=O)O)cc(N)c4c3O)c(OC)c2)ccc1N=Nc1c(S(=O)(=O)O)cc2cc(S(=O)(=O)O)cc(N)c2c1O;1;20.45700050251759;0;0;0.0;0.0;0;24.010562033590617;2;0;0;0.0415041078203821;0;22.14722097829672;0;2;0.8333333333333334;0;11.126902983393991;0.2964147778089182;0.8495077371424286;22.96151244605128;1.0670036961236522;1.2429333852998516;1.329894631865482;-104.43226598192926;-0.1314037140957644;0.067388901761643
CC(C=CC1=C(C)C(=O)CCC1(C)C)=CC=CC(C)=CC(=O)O;1;5.41499046939678;0;0;12.999757306524504;38.15155482671677;0;0.0;0;0;0;0.5865579788185011;0;12.49684172975989;0;0;1.826086956521739;0;11.993926152995275;0.3280688057099826;0.8142298489427738;24.64647320457957;1.0256469235192642;-0.0572439053416598;0.8392347403583359;-0.3054138321995463;-0.2442742550374833;0.1357919847028158
CC1CN1P(=O)(N1CC1C)N1CC1C;1;0.0;0;0;0.0;0.0;0;0.0;0;0;0;0.5218206299063738;0;37.759791705181605;0;0;1.0714285714285714;0;18.12552248744388;0.2702265273335357;1.3300914800836623;11.994520375690357;1.461642512077295;0.0404928040677465;0.0;-6.906980049680999;-0.1284889024019458;0.3091604912344042
CN(C)c1ccc(O)c2c1CC1CC3C(N(C)C)C(O)=C(C(N)=O)C(=O)C3(O)C(O)=C1C2=O;1;17.569479569484972;0;0;39.156964730020846;0.0;0;11.605292320844956;0;0;1;0.3983715598370969;0;31.2737408162686;0;0;1.7575757575757576;0;5.563451491696996;0.2554508355018643;0.8116647259854765;8.110999929849509;1.2254293752187218;-1.393709157805477;0.7360205985968207;104.79223958333334;0.0173411845565703;0.3277761505374978
COC(=O)CCC(C(N)=O)N1C(=O)c2ccccc2C1=O;1;5.733667477162185;0;0;12.13273413692322;0.0;0;18.236700524671523;0;0;0;0.6106058068863586;0;6.4208216229260096;0;0;1.7142857142857142;0;0.0;0.3050983278303821;0.993100058606992;-3.806196849775864;1.209070732691531;0.0471352537965858;0.8867362146050669;-51.277777777777786;0.0106292837237328;0.0565186900564665
O=S(=O)(O)CC(S)CS;0;0.0;0;0;0.0;0.0;0;5.752853606746789;0;0;0;0.4348596596955016;0;11.002791636728965;0;0;2.0;0;5.752853606746789;0.2654711812809511;1.1039971778161106;0.0;0.9682847896440128;0.0238861129750063;0.0;-9.435932826827711;-0.0110401319828115;-0.1794102384156819
O=C(O)COc1ccc(Cl)cc1Cl;1;0.0;0;0;6.06636706846161;0.0;0;5.022633313741326;0;0;0;0.85199274417323;0;5.022633313741326;0;0;2.1538461538461537;0;15.794778460766558;0.3412236092634533;1.1136899294988307;1.7338465878013625;0.9913043478260868;-0.1898454217242778;0.8006688963210702;0.0255636323258285;-0.2327102373796233;-0.1405330472298303
NCC1CCC(N)C(OC2C(N)CC(N)C(OC3OC(CO)C(O)C(N)C3O)C2O)O1;1;28.66833738581093;0;0;0.0;0.0;0;24.794530010557143;0;0;0;0.183192999022066;0;18.62843806420849;0;0;1.3870967741935485;0;19.386399651764595;0.1856475895348526;0.982711625277608;-13.086810029205257;1.091070817653096;-0.4942509020735941;1.188399694728809;-1.2762579296424437;0.0429069605244804;-0.1632614126718914
CN1CCN(C(c2ccccc2)c2ccc(Cl)cc2)CC1;1;0.0;0;0;0.0;12.13273413692322;0;6.041840829147961;0;0;1;0.853074635255455;0;31.201658937391628;0;0;1.380952380952381;0;6.041840829147961;0.0602202448314185;1.0708523357389403;-6.24494100186391;1.131915156434735;0.0491920356831904;0.9344625430348104;3.192230181713492;-0.118216723549488;0.159579738976775
Nc1nc(=O)n(C2CC(O)C(CO)O2)cc1Br;1;0.0;0;0;0.0;0.0;0;17.183567868093633;0;0;0;0.6615005800033709;0;12.617665194539086;0;1;2.411764705882353;0;4.472719515832414;0.3511972795261944;1.0335486560048226;-8.617444923855919;0.9216344255823138;-0.0996278448435518;0.9650447427293068;13.049267724588107;0.0201349492865738;0.0952602128521409
C=C(C)C(=O)OCC(C)C;1;5.917906046161393;0;0;6.923737199690624;13.847474399381248;0;6.606881964512918;0;0;0;0.4430772403067041;0;5.573104530069267;0;0;2.1;0;18.09789254074358;0.3326126336379052;0.9568094695268846;18.146715769005183;0.6952614379084967;-0.0337492937482088;0.0;-28.181712962962965;-0.1090035718684567;0.0497689269272235
CC(C)(C)c1ccc(CN2CCN(C(c3ccccc3)c3ccc(Cl)cc3)CC2)cc1;1;0.0;0;0;0.0;12.13273413692322;0;6.041840829147961;0;0;0;0.450917622424228;0;37.7464153433042;0;0;1.3225806451612905;0;0.0;0.060220250944624;1.1094145489321827;61.44495134203677;0.9306190278354798;0.0884331720940193;0.8560666747768363;2.8514523534508776;-0.1686128749161117;0.1346216224808338
COP(=S)(OC)SCN1C(=O)c2ccccc2C1=O;1;0.0;0;0;24.26546827384644;0.0;0;17.003691373127346;0;0;0;0.6141947029028372;0;14.219595082555069;0;0;1.631578947368421;0;11.126902983393991;0.2618167082389969;0.8206780468506373;0.1955554244094485;0.8400049267151126;0.2064577916257746;1.7197828139754483;-9.519888525929954;-0.20990203991201;0.2214589024404226
Nc1ncn(C2CC(O)C(CO)O2)c(=O)n1;1;0.0;0;0;0.0;0.0;0;12.71084835226122;0;0;0;0.5273624425093522;0;6.4208216229260096;0;1;2.4375;0;0.0;0.3536789605200513;1.1014081655769354;-4.734347616096155;0.8699127906976748;-0.0883700876499966;0.8699127906976748;15.833900226757374;-0.0439248251748252;0.3443968442097623
O=C(C(F)(F)F)C(F)(F)F;1;0.0;0;0;0.0;0.0;0;0.0;0;0;0;0.5000308573930615;0;0.0;0;0;1.0;0;0.0;0.2791961547919219;1.208853192763648;0.0;0.0;0.0;0;39.06250000000002;-0.5555555555555556;0.0429617179419831
O=C1CCC(N2C(=O)CCC2=O)C(=O)N1;0;0.0;0;0;0.0;0.0;0;0.0;0;0;0;0.5590340140923693;0;19.26246486877803;0;0;1.6;0;0.0;0.2493603441411763;1.16699902002621;2.393104890159362;1.1684265189544747;0.2012956555011809;0.6192660550458715;-17.317199999999993;-0.1003016591251885;-0.1971877977840084
CC#N;1;0.0;0;0;6.069221312792274;0.0;0;6.069221312792274;0;0;0;0.3869805798690773;0;6.923737199690624;0;0;2.0;0;0.0;0.058714823771249;3.333133036894604;0.0;0;0.0;0;0.0;-1.2307692307692304;-0.4263814240935915
CC1=C2C(=O)C3C(CC=C4CC(O)CCC43C)C2CCC12OC1CC(C)CNC1C2C;1;35.00452070020374;0;0;0.0;0.0;0;17.808983586480295;0;0;0;0.571809480511667;0;23.450757451540014;0;0;2.032258064516129;0;35.49670996015848;0.1629549545301866;1.1148106122634538;8.753507385986381;1.1679864803640074;0.284070245405541;0.9809808977567364;-4.933327664399092;-0.0372513303502621;0.0679944278177162
CNC(=O)Oc1ccc(C)c(C)c1;1;0.0;0;0;6.06636706846161;25.980208536304467;0;0.0;0;0;0;0.7158371024295938;0;7.04767198267719;0;0;2.0;0;5.749511833283905;0.4103552139715786;1.1574471872823504;0.8384611587207065;0.9449602122015917;0.0103772905561216;1.1593341260404282;-12.807692307692308;-0.1406163684148853;0.3507071448039466
NC(=O)CCCN1C(=O)c2ccccc2C1=O;1;5.733667477162185;0;0;24.26546827384644;0.0;0;11.126902983393991;0;0;0;0.7694972388918083;0;12.965578028838586;0;0;1.6470588235294117;0;17.54772460632;0.2610425641779801;1.0223793000218195;-9.52097410306216;1.1791356877323425;0.4257997681266361;0.9642709624122264;-11.71931562954155;0.0437150322342449;0.028383534592604
CC1C2CN(CC3CC3)CCC1(C)c1cc(O)ccc12;0;11.835812092322788;0;0;0.0;12.13273413692322;0;0.0;0;0;0;0.8896495251900427;0;19.007418857986544;0;0;2.15;0;17.58532392560669;0.1153919380153694;0.8923240968903888;-16.30819004674682;1.155628942297081;0.1124753627607746;0.9019368723099;-2.3969444444444443;-0.0501583111675195;0.1148560185475744
Cn1c(=O)c2nc[nH]c2n(C)c1=O;1;14.09534396535438;0;0;7.04767198267719;0.0;0;6.3273200747645415;0;0;0;0.5624722357827983;0;14.09534396535438;0;0;2.0;0;5.647177220767728;0.3303734735186895;0.9134351710737246;0.0;1.2690058479532165;0.0379923650295993;0.0;-20.420445956160243;0.0461712368728121;0.4997520888514996
CCC(C)c1cc([N+](=O)[O-])cc([N+](=O)[O-])c1OC(=O)C=C(C)C;0;0.0;0;0;20.771211599071872;6.923737199690624;0;15.912989166096953;0;0;0;0.2580067406735524;0;17.705838666992488;0;0;1.8695652173913044;0;11.993926152995275;0.3358346548222604;0.712070475393966;-8.201214319259122;1.0304232804232805;-0.1800226232092405;1.1812943262411348;-4.551110450128908;0.057927964523882;-0.0134840774704283
CC(=O)OCN=[N+](C)[O-];1;5.114250125629398;0;0;0.0;0.0;0;0.0;1;0;0;0.2314433272427945;0;12.03798732532002;0;0;2.4444444444444446;0;4.860679246588415;0.3041276952169358;1.8749253045161656;1.7156856026668603;0.5186880244088481;-0.1131909606127354;0.0;-8.837370242214533;-0.6396501356333032;-0.0162809698698958
CCN1CCN(c2cc3c(cc2F)c(=O)c(C(=O)O)cn3C2CC2)CC1;1;0.0;1;0;6.06636706846161;9.467009378641832;0;11.204086992299825;0;0;1;0.9075489986969112;0;43.80393423887613;0;0;1.9230769230769231;0;11.204086992299825;0.3407230786793809;0.8316893171151436;-13.684040019784014;0.9482838589981444;-0.078352810863101;1.184446505875077;40.65147569444444;0.0949409404947626;-0.0755924718108936
CC12CCC(=O)C=C1CCC1C2CCC2(C)C(C(=O)CO)CCC12;1;34.501605123439134;0;0;0.0;6.076020106833881;0;0.0;0;0;0;0.8398032346789406;0;12.338727669087405;0;0;1.9166666666666667;0;29.95778470777513;0.1612958634071364;0.621602993823703;4.176359450806041;1.1113646240764887;-0.0064095814006298;0.7908990420044218;-6.428583676268856;-0.0899470899470899;0.0915402967530079
O=C(O)CCc1nc(-c2ccccc2)c(-c2ccccc2)o1;1;0.0;0;0;0.0;60.6636706846161;0;6.4208216229260096;0;0;0;0.7711850955719793;0;17.54772460632;0;0;1.5454545454545454;0;11.650971340900352;0.3033630205194922;1.1256213312523158;-20.96046245026809;1.2286027397260268;-0.0364765335319469;0.9568326094219842;-17.198867786705623;-0.0364108096999588;-0.1620364393211731
CNC(=O)Oc1cc(C)c(SC)c(C)c1;1;0.0;0;0;11.761884949391115;32.23597771981587;0;0.0;0;0;0;0.7864412991344591;0;11.943155458194964;0;0;1.8666666666666667;0;5.749511833283905;0.4103436033863277;1.1880073345207287;-21.25027799484404;1.563594470046083;-0.071997825784854;1.0587301587301587;0.4999618960524306;0.033284023668639;0.3625560970236938
O=C1CCC(N2C(=O)c3ccccc3C2=O)C(=O)O1;0;0.0;0;0;12.13273413692322;0.0;0;11.126902983393991;0;0;0;0.416875006624155;0;6.4208216229260096;0;0;1.5789473684210529;0;0.0;0.3365369988246683;0.9456131338417012;3.030974380410867;1.2483903197158084;0.1176694819713993;0.6341030195381884;-17.587726757369616;0.0932168249441224;-0.0493318397104356
COc1ccc(CC2NC(=O)C=CCC(C(C)C3OC3c3ccccc3)OC(=O)C(CC(C)C)OC(=O)C(C)CNC2=O)cc1Cl;1;17.75371813848418;0;0;31.198858511909336;51.10304694137992;0;24.15430328892856;0;0;0;0.3084078947812636;0;25.304305697925987;0;0;1.7391304347826086;0;16.335596638722226;0.3472557780146756;0.97598675416112;-18.32042628321124;1.0868520568455944;0.0893053671375306;1.060613009853074;-61.420535234765055;0.012354028577534;-0.0371569858651986
CCCCc1oc2ccccc2c1C(=O)c1cc(I)c(OCCN(CC)CC)c(I)c1;1;0.0;0;0;0.0;36.39820241076966;0;12.703816033827788;0;0;1;0.1676472462674973;1;23.915253735000377;1;0;1.7419354838709675;1;17.73378494790691;0.1967504089898484;1.2369355270802933;-44.41784457554538;1.1314257028112449;-0.072732016266836;1.5106778258070448;8.317224739423857;0.0324558729497836;0.093034855484024
Cc1ccc(C)cc1;1;0.0;0;0;0.0;0.0;0;0.0;0;0;0;0.4757576853403211;0;0.0;0;0;1.0;0;0.0;0.0397741940817219;1.390909090909091;0.0;0.6710526315789471;0.0070381761666482;0.0;-2.1975308641975304;-0.4136363636363636;0.11
NCCCCC(NC(CCc1ccccc1)C(=O)O)C(=O)N1CCCC1C(=O)O;1;5.733667477162185;0;0;0.0;30.33183534230805;0;6.041840829147961;0;0;0;0.3844882105003128;1;6.544756405912575;0;0;1.827586206896552;0;51.61444254938121;0.3259154957391964;0.7149762103036171;-37.58826129168747;1.1857750555249371;-0.297816154119823;1.155036640534749;-59.08024691358025;0.0302883424055854;-0.1575483820205648
CCN(Cc1cccc(S(=O)(=O)O)c1)c1ccc(C(=C2C=CC(=[N+](CC)Cc3cccc(S(=O)(=O)O)c3)C=C2)c2ccccc2S(=O)(=O)O)cc1;0;0.0;0;0;36.39820241076966;71.89245869089352;0;9.79096695103555;0;0;0;0.1144641548407726;0;42.05584228357046;0;0;1.2156862745098038;0;59.57904065057681;0.294634932824202;0.7229754152554814;-28.583224472621804;1.0856170517642842;-0.2349097593936033;0.9995964987904804;-28.433038029707856;-0.0452011810683425;0.0903160140198514
CN1C(=O)c2ccc([N+](=O)[O-])cc2C1=O;1;0.0;0;0;0.0;0.0;0;16.050214032211663;0;0;0;0.3867072922176287;0;19.18040611960041;0;0;1.8;0;0.0;0.2697757866691337;0.8682425480406405;5.067009122995118;0.966850828729282;0.1477888376342686;0.6961325966850829;-68.16780045351476;-0.0135869565217391;0.2551976221489474
CC(C)OC(=O)Nc1ccccc1;0;0.0;0;0;0.0;44.179309741689295;0;6.103966387748303;0;0;0;0.7574489056424826;0;5.687386274683562;0;0;1.9230769230769231;1;0.0;0.411370177236035;1.4804369715040182;-8.144722880835154;1.1702127659574468;-0.0478312226199607;0.9655172413793104;9.264628533859302;-0.1691581431943351;-0.0763974770625964
CC(C)NC(=O)N1CC(=O)N(c2cc(Cl)cc(Cl)c2)C1=O;1;0.0;0;0;13.847474399381248;0.0;0;5.687386274683562;0;0;0;0.8479034576014874;0;16.087107456630612;0;0;1.761904761904762;0;10.045266627482652;0.3353879482230833;1.1756673867500336;1.391471418491238;0.9557651353818069;-0.2711737900783801;0.978148393821662;49.74693836758996;-0.142047637341529;0.1526477899617178
CCCCC(CC)COC(=O)CCCCC(=O)OCC(CC)CCCC;1;11.835812092322788;0;0;0.0;0.0;0;13.213763929025836;0;0;0;0.2303561637492825;3;12.84164324585202;0;0;1.0384615384615383;0;50.73286251305266;0.305287906374484;0.9732974362746236;-1.631342234891386;1.0282638888888884;0.5284944314441807;0.8233734939759032;-20.78892733564013;0.0366728587660288;-0.1471150307640385
CN(C)C1C(O)=C(C(N)=O)C(O)C2(O)C(O)=C3C(=O)c4c(O)cccc4C(C)(O)C3C(O)C12;1;17.56947956948497;0;0;0.0;0.0;0;34.801320095807604;0;0;1;0.2565314097110789;0;11.49101057623066;0;0;1.7272727272727273;0;0.0;0.2503539865105026;0.9450688746874156;-7.1839544998381655;1.3233328736042491;-0.08588143934483;0.850040686967322;81.52185475118901;-0.020971330602104;0.2254132218594912
CCCN(CCOc1c(Cl)cc(Cl)cc1Cl)C(=O)n1ccnc1;1;0.0;0;0;29.42633101099985;6.923737199690624;0;16.590023033395227;0;0;0;0.7398280148412185;0;23.96107686288005;0;0;1.9565217391304348;0;33.906924586333034;0.3290182757334546;1.0011937686672223;1.621307427958798;1.240513392857143;-0.1688945273226256;0.9510602678571428;-11.27637108825776;0.0424745879601403;0.2102229657829296
C=CC(=O)OC;1;0.0;0;0;0.0;0.0;0;7.109797541277533;0;0;0;0.3396282505875381;0;6.076020106833881;0;0;2.5;0;0.0;0.3293620268351236;1.1890027724532772;0.0;0.4910714285714287;0.0;0;-29.63657407407407;-0.0587641866330391;0.1249999999999998
O=C1CCC(N2Cc3ccccc3C2=O)C(=O)N1;1;0.0;0;0;10.966276799312087;18.19910120538483;0;0.0;0;0;0;0.7291815671189422;0;18.52902952053558;0;0;1.9444444444444444;0;18.52902952053558;0.2546864667564721;0.9708712879037736;2.404387370493633;1.085195160720594;0.0221060298892101;0.6737222509034593;-10.65543209876543;-0.0701793739316073;-0.0275007495931408
O=C1NCCCC1N1Cc2ccccc2C1=O;1;0.0;0;0;4.899909730850478;24.26546827384644;0;0.0;0;0;0;0.7796029452302116;0;18.652964303522147;0;0;2.0588235294117645;0;6.544756405912575;0.2546860458524296;0.8336410855081847;-0.652901533227999;1.1485180412371134;-0.0040436393491658;0.7626522961574508;-26.09246733726442;0.0362625334916995;-0.0014799093377924
Cc1nc(NCc2ccccc2)c2cc[nH]c2n1;0;0.0;0;0;0.0;37.38604904515014;0;5.386224214464796;0;0;0;0.7373302830651434;0;12.741599977525652;0;0;1.9444444444444444;0;0.0;0.1426669364236425;1.327335285178407;-16.05119005951125;1.2916666666666667;0.1074130269369732;1.0986201888162672;0.2013888888888877;-0.0888928849727267;0.0173803963639866
CC1CCc2cc(F)cc3c(=O)c(C(=O)O)cn1c23;1;0.0;1;0;4.567099647791355;6.923737199690624;0;5.516700717616262;0;0;0;0.8567514806798586;0;17.624908615225834;0;0;2.210526315789474;0;11.937522340542271;0.3407230796673367;0.7943960745693281;23.45513500279821;1.138116925364811;0.1396148520381874;0.5269848076451851;36.01659151346976;0.0083700882117081;-0.0569432965416312
CC(C)NCC(O)c1ccc(NS(C)(=O)=O)cc1;1;0.0;0;0;24.26546827384644;13.847474399381248;0;12.359735571259709;0;0;0;0.7241218527557277;0;18.2739835097441;0;0;1.7777777777777777;0;18.2739835097441;0.229318851585102;1.2794260146282967;-19.103126387573766;0.9007046764894303;-0.1028000327055189;1.087057368176899;12.132665404644923;-0.128199443860571;-0.1333645321192484
Cc1ccc(-c2c(Cl)nc(C#N)n2S(=O)(=O)N(C)C)cc1;1;0.0;0;0;18.20195544971549;19.056471336613843;0;0.0;0;0;0;0.8650475764637652;0;19.658795457051376;0;0;1.8571428571428568;0;5.563451491696996;0.2053225822701358;0.8255024412216077;-13.971125677640144;0.972867516890061;-0.1335053585614922;0.7775252245260007;-40.40057054233916;-0.1531455080334917;0.4361680761597834
Cn1cnc2c1c(=O)[nH]c(=O)n2C;1;14.09534396535438;0;0;18.662443613145733;0.0;0;6.3273200747645415;0;0;0;0.5624722357827983;0;14.09534396535438;0;0;2.076923076923077;0;11.16387793838399;0.3278697741177671;0.9416812896904913;0.0;1.1871345029239766;-0.0150545153539082;0.0;15.383786848072567;-0.0873760210035006;0.4997520888514996
N=c1ncn(C2OC(CO)C(O)C2O)c(=O)[nH]1;1;0.0;0;0;0.0;0.0;0;6.606881964512918;0;0;0;0.3675888395435667;0;0.0;0;0;2.235294117647059;0;0.0;0.3311638496159684;1.0190762719065838;-1.6797862005994508;0.9786369222043676;0.1868415542375273;0.8325876211782255;-0.3066455278108082;-0.0235896146107413;0.322457577350227
CCOS(=O)(=O)CC;1;0.0;0;0;13.847474399381248;0.0;0;12.359735571259709;0;0;0;0.5291573409306457;0;0.0;0;0;1.875;0;0.0;0.2665222764473829;1.4580505955163792;0.0;1.275;0.0055271062039455;0.0;-44.98709070009653;-0.2105156037991858;-0.1207120917084557
CCNC1CC(N)C(OC2OC(CN)=CCC2N)C(O)C1OC1OCC(C)(O)C(NC)C1O;1;17.201002431486554;0;0;13.971409182367816;12.999757306524504;0;25.23532002872141;0;0;2;0.1750353705309133;0;12.08368165829592;0;0;1.8484848484848484;0;25.14556452342077;0.2149124811178469;1.0910765410055685;-11.15006487168598;1.167688616368968;-0.3878429238643714;1.1564228505686092;2.7033190284879463;0.0173057771126642;-0.0956712915082346
CC(N)Cc1ccccc1;1;5.733667477162185;0;0;0.0;25.12283840507545;0;0.0;0;0;0;0.6542162175383444;0;6.041840829147961;0;0;1.9;0;0.0;0.005086239071797;1.403689550065966;3.8215196995926393;1.1172937643525884;-0.0012218453824255;0.3165665665665668;5.263074984247007;-0.2311327823310393;-0.0969240410327975
C=C1CCC(O)CC1=CC=C1CCCC2(C)C1CCC2C(C)CCCC(C)C;1;29.08661465404235;0;0;5.573104530069267;0.0;0;6.103966387748303;0;0;0;0.499104026994848;0;0.0;0;0;1.8928571428571428;0;5.41499046939678;0.0583378675053035;1.0622898499949442;-7.550129311938486;1.0750063484002033;0.0167862355285282;1.20438520366654;1.1587255658436215;-0.1043048429483169;0.02983694488791
CCc1cccc2c3c([nH]c12)C(CC)(CC(=O)O)OCC3;1;0.0;0;0;0.0;6.923737199690624;0;18.72163158228739;0;0;0;0.9057842881790305;0;10.902924932081056;0;0;2.238095238095238;1;13.027703587438928;0.3062015189978057;1.1504460611677836;-15.957417991636673;1.328341394107263;0.0705505407070594;0.83648112660992;10.264739229024944;0.014659238776838;-0.0321208588662879
CC1COc2c(N3CCN(C)CC3)c(F)cc3c(=O)c(C(=O)O)cn1c23;1;0.0;1;0;4.567099647791355;18.871318913218293;0;16.944765761229018;0;0;1;0.8747398264671755;0;32.37586919526338;0;0;2.0;0;30.04311163740888;0.3407231380984979;0.8038472254568396;7.978595196690798;1.0027210190610398;0.354557406421232;1.0003221649484535;55.71177273682;0.0159530542029741;0.0384650565605938
Nc1nc(=O)n(C2CC(O)C(CO)O2)cc1F;1;0.0;0;0;0.0;0.0;0;18.907691923874296;0;0;0;0.5910181091914157;0;6.4208216229260096;0;1;2.411764705882353;0;0.0;0.3513220579721435;0.9423679474323688;2.0782643108456886;0.9216344255823138;-0.0762752052202195;0.9650447427293068;-11.825406262386046;-0.0037201576141543;-0.0603997593999373
ClCCCl;0;0.0;0;0;0.0;0.0;0;0.0;0;0;0;0.4363042365257152;0;11.760006889940678;0;0;1.25;0;11.760006889940678;0.0358892034480996;1.1344314166630158;0.0;0;0.0;0;0.0;0.0001626809825931;-0.3333333333333333
NCCc1ccc(O)c(O)c1;1;5.733667477162185;0;0;6.06636706846161;0.0;0;0.0;0;0;0;0.544872838506118;0;0.0;0;0;1.9090909090909087;0;12.965578028838586;0.1571630174094628;0.7573381191711535;5.332235747762254;0.9960474308300392;0.0032361837424831;0.5478260869565217;-10.068181818181822;0.0070530369820426;-0.0331810207481702
COc1c(C)c(O)c(Cl)c(C)c1C(=O)OC(C(C)O)C(O)CC=O;1;0.0;0;0;0.0;0.0;0;18.23639724276716;0;0;0;0.4987609591182946;0;11.984273114623004;0;0;1.875;0;6.286160523129555;0.3422300919757237;1.039382977369127;-35.75627621597468;1.3740959894806044;0.20767580997728;1.2971698113207542;15.461795796711188;0.0994632109977124;0.093507674751222
CCCN(N=O)C(N)=O;1;11.019552198124892;0;0;0.0;6.923737199690624;0;5.2858847209627084;0;0;0;0.4458130396635202;0;6.544756405912575;0;0;2.333333333333333;0;17.974490552793117;0.3372938816426742;0.8607473021793078;0.0;1.163758389261745;0.022328330142582;0.0;5.547325102880649;0.1215070907107493;-0.0827384254071674
CCNC(N)=S;1;5.733667477162185;0;0;0.0;6.923737199690624;0;0.0;0;0;0;0.4538857789134033;0;6.544756405912575;0;0;2.5;0;5.112436884724758;0.1631338995520575;1.2873441017874034;0.0;1.170955882352941;0.0;0;-0.1509756165840824;-0.1831035701661364;-0.3142017903320376
CCCCCCCCCCCCN1CC(C)OC(C)C1;1;0.0;0;0;0.0;0.0;0;12.207932775496603;0;0;0;0.4938242242611517;9;13.08951281182515;0;0;1.2;0;12.207932775496603;0.0677694780338327;1.722278550524412;-0.7406881709291534;1.3266138876294769;0.0005465889645291;0.8727356746765248;1.4290550938750377;-0.0849031788888974;-0.1472782917852845
Clc1ccc(Cl)cc1;1;0.0;0;0;24.26546827384644;0.0;0;0.0;0;0;0;0.5285863388321961;0;10.045266627482652;0;0;1.0;0;0.0;0.0406527505452687;1.2954399793793157;0.0;0.8249999999999998;0.0;0;-0.2332977696489358;-0.285574912891986;-0.3208029014668899
Cc1nc(N)nc(N)c1Oc1ccc(Cl)cc1;0;0.0;0;0;31.18920547353706;0.0;0;5.693927994848461;0;0;0;0.8545682458567807;0;5.022633313741326;0;2;1.7647058823529411;0;22.2155849751576;0.2219432731215338;1.432804844624221;-6.611812797752812;1.535857988165681;-0.0710053799346741;0.9230769230769236;0.8165010116986864;-0.1847775248667021;0.0867861882555603
COCCO;1;0.0;0;0;7.109797541277533;0.0;0;13.213763929025836;0;0;0;0.4857336704954033;0;7.109797541277533;0;0;2.4;0;6.606881964512918;0.0693426521286368;0.8558850652454991;0.0;0.6933333333333332;0.0;0;4.24112426035503;-0.1290246212121212;-0.0032425053498704
CNC(N)=S;1;5.733667477162185;0;0;7.04767198267719;0.0;0;0.0;0;0;0;0.3918533275842752;0;7.04767198267719;0;0;2.2;0;5.112436884724758;0.1628821697873375;1.1005516734517853;0.0;0.0;0.0;0;-3.533165550000567;-0.3644957983193276;-0.1055618992675004
O=[N+]([O-])c1ccc(Oc2c(Cl)cccc2Cl)cc1;1;0.0;0;0;18.19910120538483;0.0;0;14.968577676300324;0;0;0;0.6062690853537354;0;12.13273413692322;0;0;1.5555555555555556;1;21.544290294050462;0.2691959768109827;0.9928804624343645;-7.502727912485843;1.005681818181818;-0.1617998136081224;0.7499999999999998;-21.78031702484377;0.0013067015120403;-0.2602022789455699
NC(=O)CCC(C(=O)O)N1C(=O)c2ccccc2C1=O;0;5.733667477162185;0;0;12.13273413692322;0.0;0;11.126902983393991;0;0;0;0.7338221848220485;0;6.4208216229260096;0;0;1.65;0;4.899909730850478;0.3264562982608983;0.958461246472716;-5.826505971840238;1.187992335533319;0.0097318726146088;0.7818411097099621;-45.83018663194446;-0.0034594594594594;-0.0420541147719188
COCC(=O)Nc1cc(Sc2ccccc2)ccc1N=C(NC(=O)OC)NC(=O)OC;1;4.992404732635669;0;0;18.19910120538483;30.33183534230805;0;25.5943676319222;0;0;0;0.4594535446386474;0;16.900764492313083;0;0;1.5483870967741935;0;5.687386274683562;0.4131922719865455;0.929535756471746;11.558381687015183;1.0878489326765188;1.3429354622646457;1.323920716806951;3.748179719215278;-0.1897501269709352;0.3406015334805249
CCC(Cc1cnc2nc(N)nc(N)c2n1)c1ccc(C(=O)NC(CCC(=O)O)C(=O)O)cc1;1;0.0;0;0;30.46231184545952;6.923737199690624;0;11.890771566461538;0;0;0;0.2874213918853943;0;11.984273114623004;0;2;1.7647058823529411;0;23.27862755615846;0.3257212005939982;0.8672095751365478;-25.29796281499273;1.0561728395061731;-0.0625251918267864;1.0596856094823577;-42.75916084139296;-0.0202268101883993;-0.0026587439315204
CC1(C)CCC(C)(C)c2cc3cc(-c4ccc(C(=O)O)cc4)ccc3cc21;1;0.0;0;0;12.13273413692322;12.13273413692322;0;5.563451491696996;0;0;0;0.5634782718709475;0;0.0;0;0;1.2592592592592593;0;5.563451491696996;0.3351789636472737;0.5420421028262976;6.585807577007723;0.8673316883325309;0.0781656091804586;0.6748600746268657;1.227136980340972;-0.1879402759081024;0.2168713790092453
COC12CCC3(CC1C(C)(O)C(C)(C)C)C1Cc4ccc(O)c5c4C3(CCN1CC1CC1)C2O5;1;22.665793031116344;0;0;0.0;20.099901809429767;0;5.601050810983688;0;0;0;0.686738022566705;0;42.007733252990015;0;0;1.911764705882353;0;11.791352662431866;0.1652409550221425;1.0486051817341864;12.80267758108176;1.092053591371113;-0.3628072773445546;0.931564253783748;-19.539466666666662;-0.0118978708410932;0.1573400633109165
CCc1nc(N)nc(N)c1-c1ccc(Cl)cc1;1;0.0;0;0;0.0;31.18920547353706;0;5.693927994848461;0;0;0;0.856137149346395;0;10.586084805438322;0;2;1.7647058823529411;0;10.840496091576355;0.2217267939516916;1.1541508698869032;-1.5158610673021284;1.7328646748681904;0.1587160637738736;0.6087678187853937;8.591455824823448;-0.0476900149031296;0.1923435378489984
Nc1ncc(Oc2ccc(Cl)cc2)c(N)n1;0;0.0;0;0;24.26546827384644;0.0;0;6.196843571613076;0;0;0;0.8337167786126576;0;5.022633313741326;0;2;1.8125;0;16.521656980309135;0.2216807021432287;1.4139741039695806;-6.366466532511934;1.2065386611312925;-0.0574205945548206;1.143617021276596;-2.5520560280445035;-0.2080283314826593;0.1300513458667269
O=[N+]([O-])c1ccc(Oc2cc(Cl)ccc2Cl)cc1;1;0.0;0;0;18.19910120538483;0.0;0;9.945944362558995;0;0;0;0.6062690853537354;0;23.221734519126155;0;0;1.7222222222222223;0;21.544290294050462;0.26919597672701;1.125333508729709;-6.866987707840398;0.9545454545454546;-0.0855107351639403;0.9;-21.03864654778235;-0.1293634496919918;-0.2602022789455699
CC(C)NCC(O)COc1ccc(CC(N)=O)cc1;1;5.733667477162185;0;0;24.26546827384644;13.847474399381248;0;6.4208216229260096;0;0;0;0.6376739781676249;0;12.586597235060536;0;0;2.0;0;18.33610906834444;0.2213390427012444;1.294194205662627;-1.033462212587849;0.8791777580597456;0.3869507853246337;0.8064182194616977;8.75186727477031;-0.2111998715087576;-0.1024812033202427
CCCCOCC(=O)O;0;0.0;0;0;0.0;6.923737199690624;0;0.0;0;0;0;0.564837072062669;1;6.606881964512918;0;0;2.333333333333333;0;6.606881964512918;0.3291417590124652;0.8112086640838594;2.505730839757478;0.9428571428571428;0.0425062781348573;1.0833333333333337;5.813051146384485;-0.0271673508814296;-0.2195867940656999
O=P(O)(O)C(Cl)(Cl)P(=O)(O)O;1;0.0;0;0;0.0;0.0;0;0.0;0;0;0;0.4137871702303395;0;0.0;0;0;1.0909090909090908;0;0.0;0.3218613954741517;1.021923191443921;0.0;0.5072463768115943;0.0;0;155.8070427526292;0.0530742459396752;-0.1607279414318468
N#CC(CCc1ccc(Cl)cc1)(Cn1cncn1)c1ccccc1;1;0.0;0;0;11.009123009909723;54.59730361615449;0;12.613977718704849;0;0;0;0.6826282635068337;0;5.022633313741326;0;0;1.8333333333333333;0;12.965578028838586;0.1372538029992648;0.8061511363511391;-2.9414135291895684;1.0506445492067835;-0.0576886190441183;0.7750642956059173;-7.645597444737034;-0.1225489909757308;0.145540310610851
O=C(O)c1ccc(CCN2CCN(CC=Cc3ccc(Cl)cc3)CC2)cc1;1;0.0;0;0;12.13273413692322;36.39820241076966;0;5.563451491696996;0;0;0;0.7855353482082456;0;44.29117174921677;0;0;1.5925925925925926;0;5.563451491696996;0.3351785745627855;0.8062481525813613;-4.805317155331935;0.7042457792439918;-0.1645961758794411;0.8791463793639283;3.676237887904956;-0.1193802445023148;0.0905060733251317
CCCC1CC(C(=O)NC(C(C)O)C2OC(SC)C(O)C(O)C2O)N(C)C1;1;5.917906046161393;0;0;6.255769183511404;11.947581713527669;0;18.187648046044224;0;0;1;0.3703435076305699;0;6.544756405912575;0;0;1.962962962962963;0;5.917906046161393;0.2372585700578488;0.9292634913822676;4.230141937159014;1.1417294662224104;-0.0869430153729395;1.017621145374449;2.153555580623674;0.0234712678254167;-0.0993407145261899
COc1cc(C2c3cc4c(cc3C(O)C3COC(=O)C23)OCO4)cc(OC)c1OC;1;11.835812092322788;0;0;20.28596215101668;18.19910120538483;0;39.9581470222552;0;0;0;0.7629173210900769;0;11.835812092322788;0;0;1.5333333333333334;0;34.31101065811652;0.3099401952407306;0.7919625323980006;-18.748816658394222;1.2058811040339703;0.3333192079725508;0.9853503184713378;-24.0879355687048;-0.0454591357408875;0.3059317490874355
O=C1NC(=O)c2ccccc21;1;0.0;0;0;24.26546827384644;0.0;0;11.126902983393991;0;0;0;0.545102812910193;0;0.0;0;0;1.3636363636363635;0;11.126902983393991;0.258423667381136;1.0110191762252048;0.0;1.0347305389221555;0.0;0;14.139865451388888;0.0114678899082568;-0.0042838044524274
COC(=O)CCCCC(=O)OC;1;0.0;0;0;0.0;0.0;0;14.219595082555069;0;0;0;0.4585619491319411;1;12.84164324585202;0;0;1.25;0;25.68328649170404;0.3050020703259748;1.0356642321130518;-5.586509501178523;0.9232954545454546;0.6220411622998387;0.7034632034632035;-45.46844181459565;-0.0747963501338476;0.0349188477399802
O=[N+]([O-])c1ccc(Oc2ccc(Br)cc2Br)cc1;1;0.0;0;0;18.19910120538483;12.13273413692322;0;9.396030564650085;0;0;0;0.5675665805589828;0;16.605453652755635;0;0;1.7222222222222223;0;11.49902366656781;0.2691959767062968;1.126920259830522;-7.248248662109193;0.9375;-0.0658441967117807;0.975;-21.145326611796985;-0.1128680479825518;-0.2136602535026983
C=CC(=O)NCNC(=O)C=C;1;0.0;0;0;0.0;0.0;0;6.668691188899143;0;0;0;0.4252987415757078;0;0.0;0;0;1.4545454545454546;0;0.0;0.2442556784638762;1.2874312022496002;-1.6689912035901855;0.7519531249999998;0.1027294387924688;1.3671874999999996;-37.30637440161251;-0.0273363601967461;0.0091891400900909
Clc1ccc(Cl)c(Cl)c1;1;0.0;0;0;18.19910120538483;0.0;0;10.045266627482652;0;0;0;0.5361021552744023;0;5.022633313741326;0;0;1.5555555555555556;0;15.067899941223978;0.0606613048593648;1.1916782629781504;0.0;0.8333333333333334;0.0;0;-0.1173601585124218;-0.1873479318734793;-0.3178754630959924
Cc1nc(N)nc(N)c1-c1ccccc1;1;0.0;0;0;0.0;37.255572541998674;0;5.693927994848461;0;0;0;0.7327549625112604;0;5.563451491696996;0;2;1.6666666666666667;0;5.817862777835028;0.2217167447381417;1.2579750300440642;-0.0588267862258315;1.8170454545454544;-0.0473649043633753;0.5849999999999999;14.703703703703695;-0.1010714935695219;0.21894771245232
CCOc1ccc2nc(S(N)(=O)=O)sc2c1;1;5.138973737607942;0;0;18.19910120538483;6.923737199690624;1;16.82350259859828;0;0;0;0.9002834195387214;0;0.0;0;0;2.25;0;17.873094515413086;0.2649058712178131;1.2298688897213483;-1.1182999543041028;1.2171115805646249;0.3612191774113887;1.0022965879265096;-8.139467592592592;0.0847253886010362;-0.0368336756219173
CN1CC2CC1CN2c1cc2c(cc1F)c(=O)c(C(=O)O)cn2C1CC1;1;0.0;1;0;6.06636706846161;4.567099647791355;0;11.204086992299825;0;0;1;0.9109877675056663;0;42.7981030853469;0;0;1.9615384615384608;0;17.245927821447786;0.3407230786793809;0.8023537496416538;0.8038911789197167;0.9053673954648264;-0.0878634935751412;1.0624008161414646;42.08822988867888;-0.0188447432762836;-0.0643864327464985
Clc1ccc2c(c1)C(N1CCNCC1)=Nc1ccccc1O2;1;4.992404732635669;0;0;0.0;42.46456947923127;0;5.563451491696996;0;0;0;0.8093498766353517;0;31.201658937391628;0;0;1.8636363636363635;2;5.022633313741326;0.1526451399078304;1.2249391754109915;-14.803646931615742;1.160693985817138;0.0311521785216461;0.917709359605911;-2.7009787964725693;0.0152986385141416;0.0005717532253542
CCOC(=O)OCC;1;0.0;0;0;13.847474399381248;0.0;0;13.213763929025836;0;0;0;0.5105361098562152;0;0.0;0;0;1.625;0;13.213763929025836;0.4345878500378372;1.1715174485108613;3.7583599452009775;2.236842105263158;0.0175994037627704;0.0;-19.02434842249658;0.1691675231243576;-0.0334955465568928
NC(=O)C(CCC(=O)O)N1C(=O)c2ccccc2C1=O;1;5.733667477162185;0;0;12.13273413692322;0.0;0;11.126902983393991;0;0;0;0.7338221848220485;0;6.4208216229260096;0;0;1.65;0;0.0;0.3029360444464386;0.9847904836320106;-1.577629092888364;1.2231921084380102;0.0149125939137466;0.703656998738966;-44.86143663194445;-0.0138378378378378;-0.0420541147719188
CC(C=CC=C(C)C=CC1=C(C)CCCC1(C)C)=CC=O;1;5.41499046939678;0;0;6.076020106833881;19.075777413358384;0;0.0;0;0;0;0.3584576846860857;0;0.0;0;0;1.761904761904762;0;0.0;0.1426001237596307;0.6223242323961166;27.443583286677946;1.0432033719704954;-0.0843983551609006;0.7986171132238549;6.98288618168356;-0.2250598628009319;0.1293963587234037
c1ccc(C(c2ccccc2)N2CCNCC2)cc1;1;0.0;0;0;0.0;0.0;0;6.041840829147961;0;0;0;0.9032369872213244;0;26.1790256236503;0;0;1.2105263157894737;0;6.041840829147961;0.0602182462663997;1.2088312889561597;6.158191733598006;1.5193014705882355;-0.0153274710626223;0.5837710084033615;2.773266856600191;-0.0533052603435599;0.0145703656686858
CC(=O)C1CCC2C3C=CC4=CC(=O)CCC4(C)C3CCC12C;0;34.501605123439134;0;0;6.923737199690624;6.076020106833881;0;0.0;0;0;0;0.7141681268421906;0;12.338727669087405;0;0;1.9130434782608696;0;35.74102965414007;0.1555166296320616;0.9106597029998048;4.706928108392004;1.042270034940862;-0.0235021389979127;0.8806340210750021;-2.5121774744756213;-0.1359905671282917;0.0902810183669326
CCCCC1=NC2(CCCC2)C(=O)N1Cc1ccc(-c2ccccc2-c2nnn[nH]2)cc1;1;4.992404732635669;0;0;0.0;23.099010936235302;0;6.544756405912575;0;0;0;0.5867441988589208;1;11.984273114623004;0;0;1.78125;0;12.3691609039125;0.255680940368684;0.8288698347486001;-24.06889496425965;1.2417900644853117;-0.0069897963028199;0.9057461406518011;-18.08622299382715;0.0720166392235029;0.031725387117024
CCN1C(=O)NC(c2ccccc2)C1=O;1;0.0;0;0;6.923737199690624;30.33183534230805;0;0.0;0;0;1;0.7380128478007799;0;6.544756405912575;0;0;1.933333333333333;0;6.544756405912575;0.3217222968235673;0.9723341258829502;-3.4345599095010337;1.1895933014354063;-0.0247852703214159;0.6552759740259739;6.983310470964788;0.0701184872585619;0.101900854385585
CC(=Cc1ccc(C(=O)O)cc1)c1ccc2c(c1)C(C)(C)CCC2(C)C;1;0.0;0;0;12.13273413692322;12.13273413692322;0;5.563451491696996;0;0;0;0.6613983123356469;0;0.0;0;0;1.4230769230769231;0;5.563451491696996;0.3351789579694519;0.5628700536541857;-1.531671507007384;0.9236604702022966;-0.0543396927165768;0.7420781134856304;1.5959076360310922;-0.2074381840291851;0.2240910045077198
N#Cc1cc(Br)c(O)c(Br)c1;1;0.0;0;0;12.13273413692322;6.069221312792274;0;20.578111836154097;0;0;0;0.7919221876452162;0;0.0;0;0;1.7272727272727273;0;14.508890523361824;0.1435134892845838;0.8586526404771407;0.0;0.8472413793103448;-0.056425275513999;0.0;-17.46739138042048;-0.1859737495565803;-0.0781136452338989
CN(C)c1ccc(N=Nc2ccc(F)cc2)cc1;1;10.228500251258795;0;0;12.13273413692322;43.2607219700513;0;11.374772549367124;1;0;0;0.7381593922311592;0;19.782730240037942;0;0;1.2222222222222223;0;5.687386274683562;0.122864378529006;1.1763129418614284;-6.56191669458673;0.6813186813186813;-0.1155928018917515;0.7458646616541352;-13.739149305555555;-0.1997015330348663;-0.0666089012107571
CN1CCCC1c1cccnc1;1;0.0;1;0;0.0;18.46005421168776;0;0.0;0;0;0;0.6261518225795569;0;18.43552797237412;0;0;2.5;0;6.041840829147961;0.0360296665169894;0.9955738431947064;4.791117799310943;1.0185185185185186;0.0239914267050191;0.4751461988304093;0.4535256410256404;-0.161660777385159;0.1009687160083584
C=C(Cl)C#N;1;0.0;0;0;6.069221312792274;0.0;0;0.0;0;0;0;0.4082646396599956;0;0.0;0;0;2.2;0;0.0;0.1109523192063841;1.4042607017876685;0.0;0.0;0.0;0;-9.895811365241112;-0.6995833333333333;-0.2970871742303579
Cc1cc(-c2ccc(N=Nc3ccc4c(S(=O)(=O)O)cc(S(=O)(=O)O)c(N)c4c3O)c(C)c2)ccc1N=Nc1ccc2c(S(=O)(=O)O)cc(S(=O)(=O)O)c(N)c2c1O;1;20.45700050251759;0;0;50.2456768101509;0.0;0;33.52199352766384;2;0;0;0.0426817193226967;0;10.772448428929591;0;2;0.7241379310344828;0;45.76131265307833;0.2961446166334874;0.7968696033055342;59.670553041488965;1.0256224629956123;-2.1209333484805954;0.6052671585794251;-33.35147673713816;-0.0711362336430345;0.0364260152766375
C=CC1(C)OC(=O)N(c2cc(Cl)cc(Cl)c2)C1=O;1;0.0;0;0;0.0;0.0;0;5.687386274683562;0;0;0;0.7824567923213781;0;10.045266627482652;0;0;1.8333333333333333;0;10.045266627482652;0.4222430041693599;1.20125384514191;-5.027471020400464;0.9999201277955272;-0.0305102882019717;0.9400018793459876;15.073478601889317;-0.2087965777816381;0.0351387308651066
CC(=O)N=c1sc(S(N)(=O)=O)nn1C;1;17.1790504529208;0;0;0.0;0.0;0;0.0;0;0;0;0.644909852483512;0;13.971409182367816;0;0;2.2142857142857144;0;0.0;0.2667723143403792;1.356870998841723;4.425172866714027;1.5258064516129033;0.3088928120293459;0.7403846153846154;-8.272979691698122;-0.0263114702354649;-0.1787429782967062
C1CO1;1;0.0;0;0;0.0;0.0;0;13.213763929025836;0;0;0;0.3490215851763434;0;0.0;0;0;1.6666666666666667;0;0.0;0.0701143954655702;0.0;0.0;0;0.0;0;0.0;0.7153465346534651;-0.1557937930054238
Cc1cccc(CN2CCN(C(c3ccccc3)c3ccc(Cl)cc3)CC2)c1;1;0.0;0;0;0.0;12.13273413692322;0;6.041840829147961;0;0;0;0.5626410757187412;0;37.7464153433042;0;0;1.4642857142857142;0;0.0;0.060220250944624;1.1264531867334684;10.687197781937943;1.2249058971141775;0.0289519977757279;0.8875182823160814;3.052508096301591;-0.1353375663405971;0.0848994160227933
COCCOC;1;0.0;0;0;14.219595082555069;0.0;0;13.213763929025836;0;0;0;0.4632611164076683;0;14.219595082555069;0;0;1.3333333333333333;0;13.213763929025836;0.0696019678269989;0.9014412243515958;0.0;0.8333333333333333;0.0252609201112022;0.0;4.0;-0.2676323014295181;0.2311728794135671
NCCc1c[nH]c2ccc(O)cc12;1;5.733667477162185;0;0;12.13273413692322;12.263210640074686;0;0.0;0;0;0;0.6468452624532927;0;17.099768503694133;0;0;2.230769230769231;0;12.29426823919648;0.1158381400040935;0.9158563776126052;6.4898640722854655;1.196765498652291;0.2822288134639585;0.5142857142857145;-2.4554666666666654;-0.0328070246103032;-0.0127133969655067
CN(C)C(=S)SSC(=S)N(C)C;1;0.0;0;0;0.0;37.99050739240972;0;0.0;0;0;0;0.4688607712542894;0;28.19068793070876;0;0;1.0833333333333333;0;0.0;0.1464518313738576;0.3734669027374661;-32.439746602627295;0.3990361445783132;-0.2269796936287763;1.42512908777969;2.6865997942386803;0.242418889477713;0.5775410929754742
ClC1=C(Cl)C2(Cl)C3C4OC4C(Cl)C3C1(Cl)C2(Cl)Cl;1;11.835812092322788;0;0;0.0;0.0;0;21.545626960181224;0;0;0;0.4405497611423978;0;11.835812092322788;0;0;1.3333333333333333;0;0.0;0.1664973958249935;0.8899689561010313;0.0;0.9001872659176032;0.0;0;-0.1103861096777113;0.146842880152321;-0.0480353524836899
C=CCl;1;0.0;0;0;0.0;0.0;0;0.0;0;0;0;0.3975689723282326;0;0.0;0;0;2.0;0;0.0;0.0029594085237178;1.649904986816656;0.0;0;0.0;0;0.0;-0.4931034482758621;-0.4850123157996475
CS(=O)(=O)OCCCOS(C)(=O)=O;1;0.0;0;0;0.0;0.0;0;25.72530229604865;0;0;0;0.4456128319030042;0;0.0;0;0;1.1538461538461535;0;0.0;0.2638885067671777;1.630313461241229;-10.883489420290037;1.0166045408336155;-0.2157309376844739;1.6519823788546255;-40.42467160493827;-0.3039203745804915;-0.1440660180714624
C=C(C)C(N)=O;1;5.733667477162185;0;0;6.923737199690624;0.0;0;0.0;0;0;0;0.4489458287260874;0;5.573104530069267;0;0;2.0;0;5.573104530069267;0.2432329843139914;1.2910564014910988;0.0;0.0;0.0;0;-31.26890203813281;-0.4182708544410669;0.0114822463576089
CC(C)(C)C(=O)C(Oc1ccc(Cl)cc1)n1cncn1;1;5.41499046939678;0;0;24.26546827384644;20.771211599071872;0;0.0;0;0;0;0.8688480832044114;0;10.437623783138106;0;0;1.95;0;10.772145147025231;0.2515920895972152;1.088198811682954;-5.182865648472061;0.8101929030721602;-0.0922530681017429;0.696654634195943;-9.3559890482316;-0.198126670820687;0.1886666334251277
Clc1ccc(Oc2cc(Cl)c(Cl)cc2Cl)c(Cl)c1;1;0.0;0;0;18.19910120538483;0.0;0;20.090533254965305;0;0;0;0.5487419144058353;0;11.089000382202936;0;0;1.2222222222222223;0;36.61219023527444;0.1471843434315862;1.2725129666354318;2.0733751150519506;0.9566608493310064;-0.0109245304359257;1.0171091997008226;-3.390615019322807;-0.1886744860638163;-0.3271145545523495
Cc1cccc(C)c1;1;0.0;0;0;0.0;0.0;0;0.0;0;0;0;0.4757576853403211;0;0.0;0;0;1.5;0;0.0;0.0397646050489469;1.390909090909091;0.0;1.1743421052631575;0.0;0;0.2839506172839506;-0.4136363636363635;0.11
CC1CC2C3CC(F)C4=CC(=O)C=CC4(C)C3C(O)CC2(C)C1C(=O)CO;1;40.419511169600526;0;0;6.076020106833881;20.771211599071872;0;6.103966387748303;0;0;0;0.7769741500122378;0;17.250802561719567;0;0;2.037037037037037;0;11.993926152995275;0.1779435188434281;0.7203481325081271;5.224081473777059;1.296074368594949;0.1168192491934149;0.7949141854004399;8.575830853174601;-0.1001369284516847;0.092322040861401
COc1cnc(NS(=O)(=O)c2ccc(N)cc2)nc1;1;0.0;0;0;0.0;0.0;0;24.39896816002146;0;0;0;0.8045216732232587;0;5.687386274683562;0;1;1.736842105263158;0;11.436898107967467;0.2637234221212505;1.0570867060771227;-2.1649511632613163;0.8137385388938183;-0.3178893793548014;0.7421066252587991;0.2732154148984569;-0.1126032313823402;0.2057470158559083
[O-][S+]1OCC2C(CO1)C1(Cl)C(Cl)=C(Cl)C2(Cl)C1(Cl)Cl;1;11.835812092322788;0;0;0.0;0.0;0;10.064572704227194;0;0;0;0.4548011367470018;0;11.835812092322788;0;0;1.3157894736842106;0;0.0;0.2957734706266697;0.8536028472445734;0.0;0.8460708192611679;0.2018505229404364;0.0;-21.63362813426138;0.1080822251035016;0.2211890818942945
CC(C)NCC(O)COc1cccc2ccccc12;1;0.0;0;0;0.0;30.33183534230805;0;0.0;0;0;0;0.8375057924076361;0;17.97282144952533;0;0;1.8421052631578947;0;19.193479199573453;0.1267586916535054;1.2399208518077316;-10.876544845420929;0.9863892365456822;0.0343667926406541;0.8621166067974579;0.2361111111111117;-0.058435720707222;-0.0403990731485601
COC(=O)C1CC2=CC(=O)CCC2(C)C23OC2CC2(C)C(CCC24CCC(=O)O4)C13;0;28.583699077277736;0;0;6.076020106833881;0.0;0;19.13166997518723;0;0;0;0.4843337144772066;0;29.58953023080697;0;0;1.9666666666666663;0;19.26246486877803;0.3088869511033921;0.960301890125691;-32.281656056508155;1.104080882352941;0.5049269209133898;0.9630552030456854;-44.09826388888889;-0.0986893089389804;0.1302833741534066
ClC1=C(Cl)C(Cl)(Cl)C(Cl)=C1Cl;0;0.0;0;0;0.0;0.0;0;20.129145408454388;0;0;0;0.5675719606767754;0;0.0;0;0;1.0;0;0.0;0.0888008819858613;1.1578947368421055;0.0;0.0;0.0;0;0.0816853376009751;-0.3245614035087719;-0.2870370370370368
Nc1ccc(S(=O)(=O)Nc2ncccn2)cc1;1;0.0;0;0;6.06636706846161;0.0;0;4.895483475517775;0;0;0;0.7871395577774678;0;18.08107341790972;0;1;1.6470588235294117;0;5.687386274683562;0.2637233954888739;1.1230065446281876;1.8764670699523769;0.9043523069605196;-0.4696125044472656;0.5708864190837623;0.4102640274273206;-0.0810285714285714;0.1368460999550945
O=[N+]([O-])c1ccc(Oc2cc(Cl)cc(Cl)c2)cc1;1;0.0;0;0;18.19910120538483;0.0;0;4.923311048817671;0;0;0;0.6062690853537354;0;22.17800076440588;0;0;1.5;0;21.544290294050462;0.2691959766433413;1.257786555025053;-6.2312475031949575;0.9034090909090908;-0.0092110627354977;1.05;-19.59708276177412;-0.2600336008960239;-0.2602022789455699
CC(=O)c1c(C)c([N+](=O)[O-])c(C(C)(C)C)c([N+](=O)[O-])c1C;1;0.0;0;0;20.771211599071872;0.0;0;9.846622097635342;0;0;0;0.4807898082802458;0;22.105344944487765;0;0;1.2857142857142858;0;0.0;0.2831422882546509;0.6749638305753689;-16.259123115366048;1.6092549281657205;-0.0645451916534609;0.3700770547945207;15.448471400394476;-0.1116636528028933;0.2376564927208704
CCCCCC(O)C=CC1C(O)CC(O)C1CC=CCCCC(=O)O;1;11.835812092322788;0;0;6.076020106833881;18.228060320501644;0;18.31189916324491;0;0;0;0.3189173783556326;3;18.75954929201341;0;0;1.92;0;25.68328649170404;0.3028511139961321;0.939739329100626;2.59534580716742;0.929766808162108;-0.0468164294591919;1.045186136071887;2.04838967091193;-0.044470408180508;-0.1821614600600173
CC12C=CC(=O)C=C1CCC1C3CC(O)C(O)(C(=O)CO)C3(C)CC(O)C12F;1;22.665793031116348;0;0;13.847474399381248;0.0;0;12.207932775496603;0;0;0;0.545907213602937;0;16.747886984954953;0;0;1.9285714285714288;0;18.414747775921285;0.1923133367738356;0.8302142131143612;8.237447051585356;1.1866568802126185;0.2782091527310567;0.8066763658349945;-60.99942607897153;0.0090833344715957;0.033921961819601
CNC(=O)N(C)C;1;0.0;0;0;21.143015948031568;0.0;0;0.0;0;0;0;0.4543686784058862;0;21.143015948031568;0;0;2.0;0;0.0;0.3161115751511197;1.0379544670653948;0.0;0.6169354838709677;0.0;0;-33.650999615532484;-0.1408765652951699;0.7141510698035572
CN1C(=O)c2ccccc2C1=O;1;0.0;0;0;24.26546827384644;0.0;0;11.126902983393991;0;0;0;0.5302372312196965;0;7.04767198267719;0;0;1.4166666666666667;0;11.126902983393991;0.2607790811745697;0.8998106836856177;0.0;1.2087318087318084;0.0173047500401563;0.0;-11.990150815635593;0.0895608628659475;0.3311276641627114
O=C1NC(=O)C(c2ccccc2)(c2ccc(O)cc2)N1;0;0.0;0;0;36.39820241076966;6.06636706846161;0;0.0;0;0;0;0.7217147453460007;0;0.0;0;0;1.45;0;11.126902983393991;0.322408725167742;0.9596669527682026;4.008327210512954;1.1682968929804372;0.0405653094335197;0.732174688057041;21.358283148871536;-0.0649818445896877;0.0039089708210293
CCCC(NC(C)C(=O)N1C(C(=O)O)CC2CCCCC21)C(=O)OCC;1;5.917906046161393;0;0;18.74738413023173;6.923737199690624;0;12.64872279366088;0;0;0;0.6358209968803862;0;6.041840829147961;0;0;1.9230769230769231;0;19.44852521036493;0.3259401545385408;0.7981169023406209;3.453115416325714;1.4744280707044055;-0.3473043796369699;0.8370488322717622;-48.8888888888889;0.0677393208822667;-0.1870785032944514
CCOC(=O)C(CCc1ccccc1)NC1CCc2ccccc2N(CC(=O)O)C1=O;1;0.0;0;0;19.056471336613843;42.46456947923127;0;12.64872279366088;0;0;0;0.6009534602811888;0;5.687386274683562;0;0;1.870967741935484;1;31.3706727663876;0.3231453817796409;0.865104481682457;-8.63808917248662;1.3521628099875254;-0.4666040417498776;1.0041816447802805;-41.37033579112005;0.0097866280104778;-0.1161952889524425
CCCOCC(=Nc1ccc(Cl)cc1C(F)(F)F)n1ccnc1;1;4.992404732635669;0;0;6.196843571613076;6.923737199690624;0;11.250837766380558;0;0;0;0.45248854727717;0;24.023202421480395;0;0;2.1739130434782608;0;12.442501750270187;0.3735285588127708;0.7482645994767485;-18.65079021869634;1.0079063487423616;0.0414593862194464;1.0617265906654976;4.895583447697955;0.0122448979591836;0.2756616032632753
CN(C)CCC=C1c2ccccc2COc2ccccc21;0;0.0;0;0;0.0;6.06636706846161;0;0.0;0;0;0;0.8428637069733037;0;12.10820789760957;0;0;1.7142857142857142;1;6.606881964512918;0.127143343491757;1.0630531495159163;-7.977438361053364;1.089400033992408;0.1187514393885198;1.1585037674919263;4.182161753590325;-0.0247252747252747;0.2980988733052911
Fc1ccc(C2(Cn3cncn3)OC2c2ccccc2Cl)cc1;1;0.0;0;0;23.141857146832947;24.26546827384644;0;6.544756405912575;0;0;0;0.6848294038218845;0;10.586084805438322;0;0;1.9565217391304348;0;11.5673897196539;0.1438910192784197;1.0794908606835811;-16.19453934018508;1.228036220363586;-0.0175879455685645;0.7032902467685075;-6.717160475892428;-0.1029760264535684;0.0545167215038409
CCCCOCCOC(C)=O;1;0.0;0;0;0.0;0.0;0;6.606881964512918;0;0;0;0.4345485067127831;1;13.530619164203545;0;0;2.0;0;13.213763929025836;0.30220730085287;1.3371727750241689;4.469674628298017;1.0111111111111115;0.0080296679819994;1.0833333333333337;-3.789437585733881;-0.105965043561922;-0.1685730445564552
CC(C)(C)C(=O)C(Oc1ccc(Cl)cc1)n1ccnc1;1;5.41499046939678;0;0;47.55357513962849;20.771211599071872;0;6.3273200747645415;0;0;0;0.8622594770545061;0;22.831310926364257;0;0;1.95;0;10.772145147025231;0.2363710908163826;1.1252367491058917;-3.593506633371561;0.8244922106093475;-0.061227488978982;0.6302794436646678;-13.603222800711947;-0.1901645286204555;0.1827423772523748
ClC1(Cl)C2(Cl)C3(Cl)C4(Cl)C(Cl)(Cl)C5(Cl)C3(Cl)C1(Cl)C5(Cl)C24Cl;1;0.0;0;0;0.0;0.0;0;0.0;0;0;0;0.3172117317076837;0;0.0;0;0;0.3636363636363636;0;0.0;0.1129417072895122;1.2833333333333334;0.0;0.7549019607843136;0.0;0;0.0140721657276091;-0.3512820512820512;-0.070238095238093
CNC(=O)Oc1cccc2c1OC(C)(C)C2;1;0.0;0;0;6.06636706846161;25.98020853630447;0;0.0;0;0;0;0.7897378652008402;0;19.031945097300195;0;0;2.25;1;11.49902366656781;0.4119716624980579;1.400915938948751;5.108481758720878;1.188023952095809;-0.0001565326273846;1.0006549401197606;-5.115959937565034;-0.2352087107128103;0.2119225349029595
CNC(=O)ON=C(SC)C(=O)N(C)C;1;5.15571272675054;0;0;20.351113148865785;0.0;0;0.0;0;0;0;0.2938761341918922;0;21.143015948031568;0;0;2.0;0;0.0;0.3428620580718493;0.8492369927318372;10.784562926115528;1.1264204545454546;-0.0041242587548204;1.0019762845849802;-32.749126431720555;0.2012981360098319;0.2297656616316409
O=[N+]([O-])c1ccc(Oc2ccc(Cl)c(Cl)c2Cl)cc1;1;0.0;0;0;12.13273413692322;0.0;0;14.968577676300324;0;0;0;0.4353957300086538;0;12.13273413692322;0;0;1.5789473684210529;0;16.521656980309135;0.2691959767270153;1.0192488298666702;-6.418759785175114;0.8954754922496856;-0.0481983141525044;1.0138248847926263;-22.06045078494132;0.2260536398467433;-0.2549890394906644
O=C1C2(Cl)C3(Cl)C4(Cl)C(Cl)(Cl)C5(Cl)C3(Cl)C1(Cl)C5(Cl)C24Cl;1;0.0;0;0;0.0;0.0;0;0.0;0;0;0;0.4532230569500591;0;0.0;0;0;0.7142857142857143;0;0.0;0.1819084010622815;1.264111521549073;0.0;0.7563559322033898;0.0;0;-6.544318260759569;-0.292927927927928;-0.0820666221483336
ClC(Cl)(Cl)Cl;1;0.0;0;0;0.0;0.0;0;0.0;0;0;0;0.4697955363527545;0;0.0;0;0;0.8;0;0.0;0.0664213028218838;0;0.0;0;0.0;0;0.0;0;0.2500000000000011
Cc1ccccc1[Si]1(C)O[Si](C)(C)O[Si](C)(C)O[Si](C)(C)O1;1;0.0;0;0;0.0;6.06636706846161;0;0.0;0;0;0;0.7075003662515715;0;0.0;0;0;1.0454545454545454;0;0.0;0.351498727034547;3.0015567804621224;87.84653089337554;2.0321538884380805;-0.1663415980377521;0.5050899991469274;61.738747538485;0.0199697754749568;0.0085487868192318
CNC(C)C1CCC(N)C(OC2C(N)CC(N)C(OC3OCC(C)(O)C(NC)C3O)C2O)O1;1;17.201002431486554;0;0;13.971409182367816;13.971409182367816;0;24.794530010557143;0;0;2;0.1815983099627801;0;18.12552248744388;0;0;1.5757575757575757;0;12.84164324585202;0.1852317850052557;1.0814083677817774;-10.959865066823324;1.0815752203745757;-0.4606489150040767;1.226781545073245;9.205707525392423;-0.0007977306159437;-0.0735840126721203
O=C1CCC(N2C(=O)c3ccccc3C2=O)C(=O)N1;1;0.0;0;0;24.26546827384644;0.0;0;11.126902983393991;0;0;0;0.7233587999857974;0;6.4208216229260096;0;0;1.5789473684210529;0;11.126902983393991;0.2617990793734749;0.9966664038309488;2.999513959268389;1.211998651836872;0.1082587384655485;0.638922888616891;-5.358600871977821;0.037626843278083;-0.0582868388750079
CNC(=O)Oc1ccccc1OC(C)C;1;0.0;0;0;18.19910120538483;19.913841467842857;0;6.103966387748303;0;0;0;0.8296418352028072;0;7.04767198267719;0;0;1.8666666666666667;2;11.49902366656781;0.4119714855060775;1.470622360653064;14.490971772955492;1.4826536822884968;-0.0040994234743325;0.901466275659824;-13.247438271604942;0.002339480202886;0.1127827371790891
CCCCC(CC)COC(=O)c1ccccc1C(=O)OCC(CC)CCCC;1;11.835812092322788;0;0;24.26546827384644;0.0;0;24.340666912419827;0;0;0;0.3433083562994692;2;0.0;0;0;1.1428571428571428;0;36.17647900474261;0.3385161286350641;0.7382465079585077;-22.86619920506225;1.0112473060344829;-0.2696662415849856;1.2887931034482758;0.7536475869809138;0.1624967354400626;-0.0528963550989977
Nc1nc[nH]n1;1;0.0;0;0;0.0;0.0;0;0.0;0;0;0;0.4401655824084768;0;0.0;0;1;2.6666666666666665;0;0.0;0.2386636265250787;1.3050701105625735;0.0;0.6818181818181818;0.0;0;-4.981666666666667;-0.4805194805194804;0.2152001539998374
CC(N)(Cc1ccc(O)c(O)c1)C(=O)O;1;5.733667477162185;0;0;0.0;0.0;0;0.0;0;0;0;0.5430485662212737;0;6.4208216229260096;0;0;2.0;0;5.563451491696996;0.3232284756062487;0.77425939792061;8.095500639559399;0.7347660857030536;0.2565089807681266;0.9469886762200626;-62.80089640022675;-0.2396135265700482;-0.089312915253873
CC(C)OC(=O)COc1ccc(Cl)cc1Cl;1;0.0;0;0;32.04657560476608;0.0;0;11.126599701489628;0;0;0;0.7814566696146591;0;5.022633313741326;0;0;2.0625;0;15.794778460766558;0.3439131873090905;1.3356219433553056;-13.369226218337284;1.1345338983050848;-0.1485016925500351;1.9220338983050849;1.4506783280298856;-0.0982681592289543;-0.0872642877097605
C=CC#N;1;0.0;0;0;6.069221312792274;0.0;0;6.069221312792274;0;0;0;0.372551159280963;0;6.076020106833881;0;0;2.25;0;0.0;0.0905313753738046;1.1230428512566957;0.0;0.0;0.0;0;-9.887755102040815;0.0729166666666666;-0.4036306977260675
CC1=C2CC3C(CC=C4CC(OC5OC(CO)C(O)C(O)C5O)CCC43C)C2CCC12OC1CC(C)CNC1C2C;1;35.00452070020374;0;0;11.146209060138537;0.0;0;24.41586555099321;0;0;0;0.3271768988423397;0;11.959746875309351;0;0;1.8780487804878048;0;41.73533744770322;0.186473072142754;0.9319823055579898;11.367458335944912;1.1151478384722917;0.0108897790135099;0.9827227625922372;24.0584370405377;-0.0220327657594234;0.0383412055115229
COc1cc(NS(=O)(=O)c2ccc(N)cc2)nc(C)n1;1;0.0;0;0;6.923737199690624;0.0;0;12.005281016795308;0;0;0;0.819763337617683;0;11.753753343145172;0;1;1.85;0;11.51179077268349;0.2625509663731426;1.2473632330288076;-4.926666054856631;1.1009724186704384;-0.2368544148364184;0.9296652122839402;1.1398187603533323;-0.1544687327061427;0.0554954255951694
CN(C)c1ccc(C(=C2C=CC(=[N+](C)C)C=C2)c2c(O)c(S(=O)(=O)O)cc3cc(S(=O)(=O)O)ccc23)cc1;0;0.0;0;0;0.0;86.23567222222103;0;4.895483475517775;0;0;0;0.3201088954359409;0;43.07132647547196;0;0;1.4210526315789471;0;22.09588476630033;0.2977601890581762;0.7149414019729426;-24.79414312585802;0.878861857058675;-0.5724134834540388;1.2720699485578686;29.499502479687667;-0.0869190203891064;0.3721595570393851
Clc1cc(Cl)c(Oc2c(Cl)cccc2Cl)cc1Cl;1;0.0;0;0;18.19910120538483;0.0;0;25.11316656870663;0;0;0;0.5487419144058353;0;6.06636706846161;0;0;1.2222222222222223;1;36.61219023527444;0.164154608221931;1.1219142292568942;1.6900038350724462;0.9934554973821992;-0.0169567942349896;0.9461480927449516;-2.5732389565540084;-0.1074536511539916;-0.3271145545523484
CCCOCC(=O)O;1;0.0;0;0;0.0;6.923737199690624;0;0.0;0;0;0;0.5465068186745989;0;6.606881964512918;0;0;2.375;0;6.606881964512918;0.3291417569264219;0.9036749035833486;1.2527866484003265;1.08974358974359;-0.0522783335977314;0.0;2.698216735253779;-0.0522482014388489;-0.2264634567897742
Cc1ccccc1C(c1ccccc1)N1CCNCC1;1;0.0;0;0;0.0;0.0;0;6.041840829147961;0;0;0;0.9185102879391088;0;26.1790256236503;0;0;1.55;0;6.041840829147961;0.0604772772851132;1.2189242548273709;18.705085730616183;1.4809980573093735;0.0107248764917853;0.5550981948026186;1.7296233308138074;-0.0616666666666666;0.0634654642518791
OCC(Br)CBr;1;0.0;0;0;0.0;0.0;0;6.606881964512918;0;0;0;0.6884884769590014;0;10.15726371735824;0;0;2.1666666666666665;0;0.0;0.0564081318179031;0.8682695013372889;0.0;0.0982142857142857;0.0;0;-4.682727480566987;0.0211730348016549;-0.1626507460264118
COC(=O)NC(=S)Nc1ccccc1NC(=S)NC(=O)OC;1;0.0;0;0;24.26546827384644;0.0;0;25.59436763192219;0;0;0;0.6037316575875215;0;0.0;0;0;1.2272727272727273;2;11.374772549367124;0.4126265476374197;0.990671442324424;-15.986392551735;1.0015898251192372;1.1341421252952515;1.163513513513514;-29.09295246320853;-0.2154689512626187;0.0151115604828303
CN(C)CCCN1c2ccccc2Sc2ccc(Cl)cc21;1;0.0;0;0;0.0;17.828252017852726;0;11.374772549367124;0;0;0;0.7918053413291345;0;21.358356670689453;0;0;1.809523809523809;1;0.0;0.056730031151179;1.1100876931775892;-12.571127904375604;1.0566844919786096;0.0558492562156255;1.2268008807801196;1.957218792866941;-0.0363820722949914;0.2578190914143646
C=C1C(=CC=C2CCCC3(C)C2CCC3C(C)CCCC(C)C)CC(O)CC1O;1;29.08661465404235;0;0;5.573104530069267;0.0;0;12.207932775496603;0;0;0;0.5277905059697585;0;6.4208216229260096;0;0;1.896551724137931;0;24.17453976141019;0.0811302362495019;0.9552680791478548;-10.0411450394623;1.0780814358736062;0.0283015031710183;1.1927208533653848;23.60046053043097;-0.0908125900821939;0.0309012254576957
NC1C2CN(c3nc4c(cc3F)c(=O)c(C(=O)O)cn4-c3ccc(F)cc3F)CC12;1;17.56947956948497;2;0;4.899909730850478;0.0;0;11.073610489148358;0;0;0;0.6764188399093581;0;31.3945642810478;0;0;1.8333333333333333;0;19.15587988028676;0.3407392667790456;0.8284062793114173;-10.582013869374103;0.7931289780763787;0.3050996920294928;1.0598391089108905;36.31807956104252;0.012918622335491;-0.0892925895452099
CCCCNC(=S)NCCCC;1;0.0;0;0;0.0;0.0;0;0.0;0;0;0;0.4926329011461622;2;13.08951281182515;0;0;1.4166666666666667;0;0.0;0.165793043082001;1.0234059215380036;-3.7705530100669984;1.0915492957746478;-0.0599828152298639;0.8316566063044936;-0.127486282578875;0.0566066066066066;-0.2311364614040828
CCCC1CCCCN1C;1;0.0;0;0;0.0;0.0;0;0.0;0;0;0;0.5699479903027911;0;6.041840829147961;0;0;2.2;0;0.0;0.0092069593663032;1.390717931371088;2.884543050298972;1.1164514586322332;0.0143353878135377;0.1326797385620914;-0.5191240586603252;-0.0907190635451505;-0.0272589135025508
C=CC(N)=O;1;5.733667477162185;0;0;0.0;0.0;0;0.0;0;0;0;0.4219958386868299;0;0.0;0;0;2.2;0;0.0;0.2402973983266299;1.6447847339176445;0.0;0.0;0.0;0;-15.031111111111114;-0.3770424836601306;-0.3278299627384827
CC12CC1(C)C(=O)N(c1cc(Cl)cc(Cl)c1)C2=O;1;10.82998093879356;0;0;18.19910120538483;13.847474399381248;0;16.517367213477122;0;0;0;0.74203098004674;0;10.045266627482652;0;0;1.4444444444444444;0;22.153474525092225;0.2403293603390557;1.0692771578039122;-7.666431302335681;0.7793188854489165;0.0406339340193263;0.9128366013071896;0.1597305702035882;-0.2005488617128892;0.0859016258664005
C=CCc1ccccc1OCC(O)CNC(C)C;1;0.0;0;0;0.0;44.18896278006157;0;0.0;0;0;0;0.6936807740895572;0;12.586597235060536;0;0;2.111111111111111;1;19.193479199573453;0.1224392402898379;1.2705706367414804;4.55217603107087;1.0600143022168436;-0.0217232591050975;0.7630599409575151;-0.9247636988565004;-0.0736128814371779;-0.1114296906634914
CC(C)c1ccccc1;1;0.0;0;0;0.0;6.06636706846161;0;0.0;0;0;0;0.5342617380464315;0;0.0;0;0;1.5555555555555556;0;5.917906046161393;0.0218823856167071;1.123456790123457;0.0;0.8506944444444442;0.0088344019757012;0.0;-1.5804988662131516;-0.1444444444444444;0.0046296296296304
COCC(C)O;0;0.0;0;0;14.033534740968156;0.0;0;12.71084835226122;0;0;0;0.5173841339875316;0;7.109797541277533;0;0;2.333333333333333;0;6.606881964512918;0.0744976771578301;1.162908474237127;0.0;0.8888888888888888;0.0;0;4.345052083333332;-0.2937191664825859;-0.0264364859576353
CN(CCOc1ccc(NS(C)(=O)=O)cc1)CCc1ccc(NS(C)(=O)=O)cc1;1;0.0;0;0;36.39820241076966;19.18040611960041;0;12.511538367022808;0;0;1;0.5525349937837031;0;24.464285361192275;0;0;1.2758620689655171;0;23.731166347163946;0.2293188821214022;1.4134168793722974;-9.691114920993265;0.9047438443061228;0.3181334610306654;0.8976130712318208;29.26577853363568;-0.1771696976349524;-0.0248949481376989
C=CCC#N;1;0.0;0;0;6.076020106833881;6.069221312792274;0;12.490042935718282;0;0;0;0.4209130538750795;0;0.0;0;0;2.6;0;6.4208216229260096;0.0662699921642802;1.1699521213511446;0.0;0.5357142857142858;0.0;0;3.0;-0.0890688259109311;-0.3360390203934001
CCCC(=O)OC1(C(=O)COC(C)=O)CCC2C3CC(F)C4=CC(=O)C=CC4(C)C3(F)C(O)CC21C;1;22.665793031116348;0;0;13.847474399381248;0.0;0;6.103966387748303;0;0;0;0.5473104243510836;0;30.092445807571583;0;0;1.9166666666666667;0;6.4208216229260096;0.306288471136605;1.0077724969686914;-23.05489942316878;1.293881358513555;0.278884462876825;0.9505102040816328;-95.63194444444444;-0.0208851317752362;-0.0045265681597941
Cc1c(Cl)ccc(Cl)c1Cl;1;0.0;0;0;12.13273413692322;6.923737199690624;0;10.045266627482652;0;0;0;0.5499135556928463;0;5.022633313741326;0;0;1.5;0;15.067899941223978;0.0635801988654133;0.993016898779019;0.0;0.8492647058823528;0.0;0;-0.9129157140679778;0.0121891461472498;0.0362941390824416
CN(C)c1ccc(N=Nc2cccc(F)c2)cc1;1;10.228500251258795;0;0;12.13273413692322;43.2607219700513;0;11.374772549367124;1;0;0;0.7381593922311592;0;25.84909730849955;0;0;1.5555555555555556;0;5.687386274683562;0.1249256559339156;1.1763129418614284;-0.3227951926731114;0.7221978021978022;-0.053982435004071;0.8857142857142857;2.8511284722222223;-0.1997015330348663;-0.0666089012107571
C[Si]1(C)O[Si](C)(C)O[Si](C)(c2ccccc2)O[Si](C)(C)O1;1;0.0;0;0;0.0;18.19910120538483;0;0.0;0;0;0;0.7227382526933702;0;0.0;0;0;0.9523809523809524;0;0.0;0.3512280900835904;2.9671347931614034;56.508105830865496;2.051649323157032;-0.0283768907785693;0.5237451899335674;55.62726143220199;-0.0071048797562959;-0.0196537036271831
FC(F)OC(F)(F)C(F)Cl;1;0.0;0;0;0.0;0.0;0;0.0;0;0;0;0.4832940928615504;0;0.0;0;0;1.6;0;0.0;0.25447272008479;0.996928810826842;0.0;0.8684210526315789;0.0;0;26.80039008916324;0.077720207253886;-0.0855520416842441
CC(C)C(=O)Nc1ccc([N+](=O)[O-])c(C(F)(F)F)c1;1;5.917906046161393;0;0;13.847474399381248;0.0;0;4.923311048817671;0;0;0;0.6801783581027343;0;17.671659389306566;0;0;1.947368421052632;0;6.06636706846161;0.3258504877525338;0.707937922332747;-58.17383071313163;0.965230636153369;-0.1114977236198429;1.2002670226969296;-96.3161651234568;0.0526440541373343;0.2731300303721251
BrCCBr;1;0.0;0;0;0.0;0.0;0;0.0;0;0;0;0.5496400415990373;0;10.660179294122852;0;0;1.25;0;0.0;0.0128585978287116;1.1566540794141205;0.0;0;0.0;0;0.0;0.0125229819266659;-0.3333333333333332
C1COCCO1;1;0.0;0;0;0.0;0.0;0;26.427527858051672;0;0;0;0.4157492501598946;0;0.0;0;0;1.0;0;0.0;0.0701143954655702;1.2224139039625954;0.0;0.9479166666666666;0.0;0;2.0;-0.2581591492482583;-0.0849874683390974
[O-][n+]1nc(-n2ccnc2)nc2ccc(Cl)cc21;1;0.0;0;0;29.093520927940727;0.0;0;5.098681808301038;0;0;0;0.4769449488571414;0;23.48268752542909;0;0;2.235294117647059;0;20.901145678233902;0.3021865481594064;1.0639182004532328;-2.0831528542226;1.0541666666666665;0.016479990931397;0.7594339622641509;-2.750270905381484;-0.1617323168149089;0.1573426698117957
COC(=O)Nc1nc2ccc(C(=O)c3ccccc3)cc2[nH]1;1;0.0;0;0;30.33183534230805;18.19910120538483;0;18.143198976510057;0;0;0;0.72749043527813;0;11.126902983393991;0;0;1.8636363636363635;0;22.16030441862652;0.4131899633730632;0.938159733348899;-13.703910342475169;1.0764726480429536;0.197564235740023;1.1101822235145873;-17.793287981859415;-0.0738817891373802;0.2164264159460532
C[Si]1(C)O[Si](C)(C)O[Si](C)(c2ccccc2)O1;1;0.0;0;0;0.0;18.19910120538483;0;0.0;0;0;0;0.7414482500360978;0;0.0;0;0;1.1764705882352942;0;0.0;0.3512280900850458;2.644411783666629;10.387893935406256;2.1543438077634014;0.0123527236932366;0.4344895074480809;24.794732023481608;-0.0802869323802256;-0.0065759515928583
Cc1nc(N)nc(N)c1Cc1ccc([N+](=O)[O-])cc1;0;0.0;0;0;19.056471336613843;0.0;0;4.923311048817671;0;0;0;0.6351395999603904;0;29.810935246394685;0;2;1.8421052631578947;0;17.9326123956095;0.2689421976957219;0.8593259411879616;-7.1090874113157865;1.174700473669546;-0.2246128801098362;0.7304860088365244;-9.866048177083329;-0.1854166666666666;0.1469347754596135
COc1cc2c(c(OC)c1OC)-c1ccc(OC)c(=O)cc1C(NC(C)=O)CC2;1;0.0;0;0;27.39575969229421;12.13273413692322;0;34.48103099425809;0;0;0;0.8325220081385356;0;12.48718869138762;0;0;1.6551724137931034;0;35.65363023740073;0.2202156934616034;0.8317609416383204;-16.083186455354888;1.4806846279824033;0.3238562614115723;0.9727821789944314;-4.979166666666667;0.0478256917237545;0.2514733413718302
O=C(O)C(Cl)Cl;1;0.0;0;0;0.0;0.0;0;0.0;0;0;0;0.5330448202910454;0;0.0;0;0;1.8333333333333333;0;0.0;0.3365172702228046;0.9319987225818308;0.0;0.0;0.0;0;6.453398872123151;0.0522388059701492;-0.4751323070047317
CNC(=S)S;1;0.0;0;0;7.04767198267719;0.0;0;0.0;0;0;0;0.3435703007796458;0;7.04767198267719;0;0;2.2;0;4.320534085558971;0.129920104669731;0.8490763540751141;0.0;0.0;0.0;0;0.1254945892394449;-0.2149609535552815;0.1055314784417272
O=C(O)CO;1;0.0;0;0;0.0;0.0;0;0.0;0;0;0;0.4236140751255037;0;0.0;0;0;2.0;0;0.0;0.328849903557252;0.9967982399590531;0.0;0.0;0.0;0;-12.327503429355282;-0.2080161218092252;-0.5318677810498896
CC1(C)OC2CC3C4CC(F)C5=CC(=O)C=CC5(C)C4C(O)CC3(C)C2(C(=O)CO)O1;1;28.58369907727774;0;0;19.92349450621513;13.847474399381248;0;12.207932775496603;0;0;0;0.6927713808384576;0;16.747886984954953;0;0;1.967741935483871;0;11.993926152995275;0.1927565260878385;1.0427525321691766;0.4029256658857634;1.341086685716086;0.3548665610240044;0.7161017989688792;5.041486009943345;-0.1263003858098295;0.0675387306735609
COc1cc(Cc2cnc(N)nc2N)cc(OC)c1Br;1;0.0;0;0;20.416438654168143;12.13273413692322;0;14.219595082555069;0;0;0;0.8845808965256191;0;18.18111668623608;0;2;1.75;0;23.73770806732885;0.2214316356382396;0.9890603682947556;-40.754129458878445;1.274601686972821;0.9914430767288618;0.980992268041237;2.908191260043111;0.056173409813174;0.3825196486102064
CCC#N;1;0.0;0;0;0.0;12.992958512482897;0;6.069221312792274;0;0;0;0.4038142196355223;0;6.4208216229260096;0;0;2.25;0;6.4208216229260096;0.0618342405908647;1.0794650438720632;0.0;0.0;0.0;0;-10.96296296296296;0.0806451612903226;-0.3127945344863589
CNC(=O)Oc1ccc(N(C)C)c(C)c1;1;0.0;0;0;6.06636706846161;38.0517250328187;0;0.0;0;0;0;0.8050895773277172;0;26.830402222715133;0;0;2.066666666666667;0;5.749511833283905;0.4103528562371521;1.1341142211193664;-23.73901219628375;1.2375494071146251;0.075369729940229;1.118983957219252;-8.500000000000004;-0.1273736594735386;0.4528292564588199
CNC1C(O)C(OC2C(NC(=O)C(O)CN)CC(N)C(OC3OC(CN)C(O)C(O)C3O)C2O)OCC1(C)O;1;17.201002431486554;0;0;0.0;0.0;0;18.69056362280884;0;0;1;0.122642958886029;0;19.13135364097311;0;0;1.6666666666666667;0;0.0;0.249971862871028;0.9646618261026184;-19.775544314302365;1.080063630471926;-0.1050486628076882;1.2363154156492957;-9.951484937867669;0.0221358909344797;-0.1077829790790027
O=P1(NCCCl)OCCCN1CCCl;1;0.0;0;0;4.6704161899213;0.0;0;6.606881964512918;0;0;0;0.605720669080109;0;31.394276107678404;0;0;2.2142857142857144;0;31.456401666278747;0.305966177865779;1.0361698509429729;3.445162990367076;1.5669417088102204;-0.0120246558048497;0.2245349421820009;-25.49615598677808;-0.1575046770411944;0.1394076631853197
COC(C(C)=CC=CC(C)=Cc1coc(C)n1)C(C)C1CC(O)C2(C)OC2C=CC(C)C2CC(CC(=O)O2)CC2OC2C(=O)O1;1;17.75371813848418;0;0;20.29669773660721;71.0748066394564;0;18.31189916324491;0;0;0;0.1900524844980683;0;38.71099007914296;0;0;1.9111111111111112;0;25.15318879080393;0.3377990824605016;1.1375564083781255;27.0207014483052;1.069028742863873;-0.3944765644993097;1.1231253977237268;-25.845248175278297;-0.1230106666073665;-0.0228563469433813
NC(=O)c1ccc(N)nc1;1;5.733667477162185;1;0;0.0;0.0;0;5.563451491696996;0;0;0;0.5601323657155416;0;6.196843571613076;0;1;2.2;0;11.381314269532025;0.2497648743621809;1.2445775244362445;1.736900722469194;0.6735572782084409;-0.3227238697210471;0.0;-10.22106881968474;-0.2751233772357212;0.0158420667661069
CCCC1OC2CC3C4CCC5=CC(=O)C=CC5(C)C4C(O)CC3(C)C2(C(=O)CO)O1;1;28.58369907727774;0;0;12.152040213667762;6.076020106833881;0;12.207932775496603;0;0;0;0.7124527920741568;0;16.747886984954953;0;0;2.096774193548387;0;19.26246486877803;0.1927450200905937;0.8817815910743705;2.817795294263667;1.32890365448505;0.3734076160660323;0.8670946017047249;6.898257725180802;-0.0004758710472894;0.0773299438668415
ClC1=C(Cl)C2(Cl)C3C(Cl)C(Cl)CC3C1(Cl)C2(Cl)Cl;1;11.835812092322788;0;0;0.0;0.0;0;20.818748440638643;0;0;0;0.4512924377010623;0;5.917906046161393;0;0;1.3888888888888888;0;6.4208216229260096;0.12137493978578;0.8609708845185654;0.0;0.9305092812946216;0.0;0;0.0580742860272819;0.1238111470939151;-0.0671088347124221
CC(c1ccc(S(C)(=O)=O)cc1)C(CO)NC(=O)C(Cl)Cl;1;0.0;0;0;19.056471336613843;0.0;0;17.544206269178655;0;0;0;0.7582506431557221;0;12.173675229672796;0;0;1.809523809523809;0;0.0;0.2531184433655188;0.817372365398702;-10.339160063853994;0.9140589371136923;-0.0301681336689713;1.2005550218806704;-16.62250378902065;0.0039276669625606;-0.0354497378576926
O=C(O)c1cn(C2CC2)c2cc(N3CCNCC3)c(F)cc2c1=O;1;0.0;1;0;6.06636706846161;9.467009378641832;0;11.204086992299825;0;0;0;0.8932298763507215;0;43.80393423887614;0;0;1.9583333333333333;0;24.293599804124977;0.3407230786793809;0.8093184577917512;-4.167082563638815;1.0762499999999997;-0.0985960614259355;1.0921944444444442;33.06944444444444;0.1314236111111111;-0.1061623450028729
COCCOCCOCCOC;1;0.0;0;0;14.219595082555069;0.0;0;39.64129178707751;0;0;0;0.4761817023320393;0;14.219595082555069;0;0;0.9166666666666666;0;39.64129178707751;0.0701143924875195;1.0727597856849551;11.120106569297088;0.966666666666667;0.0397338012287343;0.8923076923076926;6.0;-0.1619106297425254;0.0750663395948233
c1ccc2c(c1)cc1ccc3cccc4ccc2c1c34;1;0.0;0;0;0.0;0.0;0;0.0;0;0;0;0.2434541837247616;0;0.0;0;0;1.1;0;0.0;0.0020351483441468;0.8674897119341562;-1.1958871505982476;1.2680097680097682;0.0177629389169428;0.8851981351981352;-0.3263888888888895;0.0205761316872428;-0.0399999999999991
COC(C)C(=O)O;1;0.0;0;0;0.0;0.0;0;0.0;0;0;0;0.54030129463793;0;7.109797541277533;0;0;2.2857142857142856;0;0.0;0.3319995843329457;1.041522164591265;0.0;0.5395256916996048;0.0;0;-24.42;-0.1503050352294208;-0.0234712267769884
OCC(S)CS;1;0.0;0;0;0.0;0.0;0;6.606881964512918;0;0;0;0.4493996678556495;0;11.002791636728965;0;0;2.1666666666666665;0;5.752853606746789;0.0554930897782267;0.7289576474641435;0.0;0.1274509803921568;0.0;0;-4.734682213077275;0.0644605595843405;-0.1312867945269661
CCC=CC#N;1;0.0;0;0;0.0;19.068978619316777;0;6.069221312792274;0;0;0;0.4383804029728949;0;6.076020106833881;0;0;2.5;0;0.0;0.0908177483500093;0.6398139487205773;0.0;1.0833333333333337;0.0;0;-3.100591715976332;0.1123170116102978;-0.241878363786119
CCOC(=O)CCN(SN(C)C(=O)Oc1cccc2c1OC(C)(C)C2)C(C)C;1;0.0;0;0;20.037776250829424;44.13289892698195;0;13.027703587438928;0;0;0;0.4728096512491427;0;43.75250331573201;0;0;2.0357142857142856;1;24.650662036993303;0.4257020428527298;1.3776478678490602;-3.795132199550937;1.1880612003780715;-0.5963058548530561;0.962735296466892;-5.878247387410314;-0.1236716235573161;0.1746963894321778
CON(C)C(=O)Nc1ccc(Cl)c(Cl)c1;1;0.0;0;0;18.19910120538483;0.0;0;17.155064168760187;0;0;0;0.8182421638748345;0;12.735058257360752;0;0;2.066666666666667;0;15.732652902166215;0.3060098096798753;1.1796697509151088;-4.068075608434034;0.9;0.0505306432787481;0.925;-10.951387288523092;-0.0011376821421575;0.2359237067253539
CCOS(C)(=O)=O;1;0.0;0;0;6.923737199690624;0.0;0;12.862651148024325;0;0;0;0.4858609914159674;0;0.0;0;0;2.0;0;0.0;0.2638772479025849;1.7973600890068364;0.0;1.5;0.0;0;-14.368015546410607;-0.2827119883040935;-0.1682458252890838
CN(C)C1C(O)=C(C(N)=O)C(O)C2(O)C(O)=C3C(=O)c4c(O)cccc4C(C)(O)C3CC12;1;17.56947956948497;0;0;14.09534396535438;0.0;0;22.779447661897912;0;0;1;0.3167474577842455;0;17.408916622392056;0;0;1.8125;0;0.0;0.2503539548766844;0.9024800568913224;-8.821069060187146;1.2409399424105303;-0.8629329592083431;0.8687974154558312;57.787513211784926;-0.0144818710384422;0.224617483475085
CCCCCCCC(=O)Oc1c(I)cc(C#N)cc1I;1;0.0;0;0;12.13273413692322;0.0;0;18.77303734662006;0;0;0;0.2299819463907162;4;6.4208216229260096;0;0;1.8;0;17.73378494790691;0.3107505407565147;1.040729654753782;-5.104055506915003;0.974106175514626;-0.070186637656038;1.1025945144551517;-8.616214487785085;0.0310363030922083;-0.0460066630455586
CNC(=O)NC;1;0.0;0;0;14.09534396535438;0.0;0;0.0;0;0;0;0.4132723717850115;0;14.09534396535438;0;0;1.6666666666666667;0;0.0;0.3137681860809529;1.207607180588425;0.0;0.5018382352941175;0.0;0;-28.722222222222232;0.0015113350125944;0.4608385185245151
NNC(N)=O;1;11.576337747428424;0;0;5.425791397110385;0.0;0;0.0;0;0;0;0.1864692943283258;0;0.0;0;0;2.0;0;0.0;0.3257908858011784;1.3380870774386815;0.0;0.0;0.0;0;-17.944444444444443;-0.3260869565217391;-0.1195440105872878
C[Si](C)(C)O[Si](O[Si](C)(C)C)c1ccccc1;1;0.0;0;0;0.0;6.06636706846161;0;0.0;0;0;0;0.7732801133591714;0;0.0;0;0;1.1764705882352942;0;0.0;0.4011385131966107;2.448515950382711;111.17345062369247;0.9647709981402216;-0.051708686647651;0.3109097431672933;23.19695089300834;-0.1256181789322605;-0.114800781073886
